,id,country_name,total_cases,new_cases,active_cases,total_deaths,new_deaths,total_recovered,serious_critical,region,total_cases_per1m,record_date
0,100797,Chile,537,103,528,1,1,8,7,,28,2020-03-22 00:00:02.483
1,100986,Chile,537,103,528,1,1,8,7,,28,2020-03-22 00:10:02.327
2,101175,Chile,537,103,528,1,1,8,7,,28,2020-03-22 00:20:02.401
3,101364,Chile,537,103,528,1,1,8,7,,28,2020-03-22 00:30:02.053
4,101553,Chile,537,103,528,1,1,8,7,,28,2020-03-22 00:40:02.56
5,101742,Chile,537,103,528,1,1,8,7,,28,2020-03-22 00:50:01.898
6,101931,Chile,537,103,528,1,1,8,7,,28,2020-03-22 01:00:01.656
7,102120,Chile,537,103,528,1,1,8,7,,28,2020-03-22 01:10:02.184
8,102309,Chile,537,103,528,1,1,8,7,,28,2020-03-22 01:20:02.26
9,102498,Chile,537,103,528,1,1,8,7,,28,2020-03-22 01:30:02.051
10,102687,Chile,537,103,528,1,1,8,7,,28,2020-03-22 01:40:02.218
11,102876,Chile,537,103,528,1,1,8,7,,28,2020-03-22 01:50:02.054
12,103065,Chile,537,103,528,1,1,8,7,,28,2020-03-22 02:00:01.626
13,103254,Chile,537,103,528,1,1,8,7,,28,2020-03-22 02:10:01.659
14,103443,Chile,537,103,528,1,1,8,7,,28,2020-03-22 02:20:02.44
15,103632,Chile,537,103,528,1,1,8,7,,28,2020-03-22 02:30:01.848
16,103821,Chile,537,103,528,1,1,8,7,,28,2020-03-22 02:40:02.273
17,104010,Chile,537,103,528,1,1,8,7,,28,2020-03-22 02:50:01.692
18,104199,Chile,537,103,528,1,1,8,7,,28,2020-03-22 03:00:02.482
19,104388,Chile,537,103,528,1,1,8,7,,28,2020-03-22 03:10:02.128
20,104577,Chile,537,103,528,1,1,8,7,,28,2020-03-22 03:20:02.286
21,104766,Chile,537,,528,1,,8,7,,28,2020-03-22 03:30:01.618
22,104955,Chile,537,,528,1,,8,7,,28,2020-03-22 03:40:02.473
23,105144,Chile,537,,528,1,,8,7,,28,2020-03-22 03:50:02.419
24,105333,Chile,537,,528,1,,8,7,,28,2020-03-22 04:00:02.368
25,105522,Chile,537,,528,1,,8,7,,28,2020-03-22 04:10:02.471
26,105711,Chile,537,,528,1,,8,7,,28,2020-03-22 04:20:02.205
27,105900,Chile,537,,528,1,,8,7,,28,2020-03-22 04:30:01.838
28,106089,Chile,537,,528,1,,8,7,,28,2020-03-22 04:40:01.728
29,106278,Chile,537,,528,1,,8,7,,28,2020-03-22 04:50:02.186
30,106467,Chile,537,,528,1,,8,7,,28,2020-03-22 05:00:02.283
31,106656,Chile,537,,528,1,,8,7,,28,2020-03-22 05:10:02.023
32,106846,Chile,537,,528,1,,8,7,,28,2020-03-22 05:20:02.539
33,107035,Chile,537,,528,1,,8,7,,28,2020-03-22 05:30:01.917
34,107224,Chile,537,,528,1,,8,7,,28,2020-03-22 05:40:02.393
35,107413,Chile,537,,528,1,,8,7,,28,2020-03-22 05:50:01.706
36,107602,Chile,537,,528,1,,8,7,,28,2020-03-22 06:00:02.31
37,107791,Chile,537,,528,1,,8,7,,28,2020-03-22 06:10:02.48
38,107980,Chile,537,,528,1,,8,7,,28,2020-03-22 06:20:02.308
39,108169,Chile,537,,528,1,,8,7,,28,2020-03-22 06:30:02.468
40,108358,Chile,537,,528,1,,8,7,,28,2020-03-22 06:40:01.627
41,108547,Chile,537,,528,1,,8,7,,28,2020-03-22 06:50:02.568
42,108736,Chile,537,,528,1,,8,7,,28,2020-03-22 07:00:01.882
43,108925,Chile,537,,528,1,,8,7,,28,2020-03-22 07:10:01.602
44,109114,Chile,537,,528,1,,8,7,,28,2020-03-22 07:20:01.725
45,109303,Chile,537,,528,1,,8,7,,28,2020-03-22 07:30:02.517
46,109492,Chile,537,,528,1,,8,7,,28,2020-03-22 07:40:02.004
47,109681,Chile,537,,528,1,,8,7,,28,2020-03-22 07:50:01.639
48,109870,Chile,537,,528,1,,8,7,,28,2020-03-22 08:00:02.288
49,110059,Chile,537,,528,1,,8,7,,28,2020-03-22 08:10:01.955
50,110248,Chile,537,,528,1,,8,7,,28,2020-03-22 08:20:02.461
51,110437,Chile,537,,528,1,,8,7,,28,2020-03-22 08:30:01.924
52,110626,Chile,537,,528,1,,8,7,,28,2020-03-22 08:40:02.277
53,110815,Chile,537,,528,1,,8,7,,28,2020-03-22 08:50:01.998
54,111004,Chile,537,,528,1,,8,7,,28,2020-03-22 09:00:02.386
55,111193,Chile,537,,528,1,,8,7,,28,2020-03-22 09:10:02.333
56,111382,Chile,537,,528,1,,8,7,,28,2020-03-22 09:20:01.679
57,111571,Chile,537,,528,1,,8,7,,28,2020-03-22 09:30:01.858
58,111760,Chile,537,,528,1,,8,7,,28,2020-03-22 09:40:02.077
59,111949,Chile,537,,528,1,,8,7,,28,2020-03-22 09:50:02.389
60,112138,Chile,537,,528,1,,8,7,,28,2020-03-22 10:00:01.658
61,112327,Chile,537,,528,1,,8,7,,28,2020-03-22 10:10:02.03
62,112516,Chile,537,,528,1,,8,7,,28,2020-03-22 10:20:02.283
63,112706,Chile,537,,528,1,,8,7,,28,2020-03-22 10:30:02.203
64,112895,Chile,537,,528,1,,8,7,,28,2020-03-22 10:50:02.099
65,113084,Chile,537,,528,1,,8,7,,28,2020-03-22 11:00:01.809
66,113274,Chile,537,,528,1,,8,7,,28,2020-03-22 11:10:02.337
67,113463,Chile,537,,528,1,,8,7,,28,2020-03-22 11:20:02.297
68,113652,Chile,537,,528,1,,8,7,,28,2020-03-22 11:30:02.571
69,113841,Chile,537,,528,1,,8,7,,28,2020-03-22 11:40:01.658
70,114031,Chile,537,,528,1,,8,7,,28,2020-03-22 11:50:02.534
71,114220,Chile,537,,528,1,,8,7,,28,2020-03-22 12:00:01.655
72,114409,Chile,537,,528,1,,8,7,,28,2020-03-22 12:10:02.323
73,114598,Chile,537,,528,1,,8,7,,28,2020-03-22 12:20:01.826
74,114787,Chile,537,,528,1,,8,7,,28,2020-03-22 12:30:02.517
75,114976,Chile,537,,528,1,,8,7,,28,2020-03-22 12:40:02.46
76,115165,Chile,537,,528,1,,8,7,,28,2020-03-22 12:50:02.108
77,115354,Chile,537,,528,1,,8,7,,28,2020-03-22 13:00:01.691
78,115543,Chile,537,,528,1,,8,7,,28,2020-03-22 13:10:01.964
79,115732,Chile,537,,528,1,,8,7,,28,2020-03-22 13:20:01.995
80,115921,Chile,537,,528,1,,8,7,,28,2020-03-22 13:30:02.353
81,116110,Chile,537,,528,1,,8,7,,28,2020-03-22 13:40:02.609
82,116299,Chile,537,,528,1,,8,7,,28,2020-03-22 13:50:01.753
83,116488,Chile,537,,528,1,,8,7,,28,2020-03-22 14:00:02.347
84,116673,Chile,632,95,623,1,,8,7,,33,2020-03-22 14:10:02.014
85,116862,Chile,632,95,623,1,,8,7,,33,2020-03-22 14:20:01.732
86,117051,Chile,632,95,623,1,,8,7,,33,2020-03-22 14:30:02.279
87,117240,Chile,632,95,623,1,,8,7,,33,2020-03-22 14:40:01.994
88,117429,Chile,632,95,623,1,,8,7,,33,2020-03-22 14:50:01.896
89,117618,Chile,632,95,623,1,,8,7,,33,2020-03-22 15:00:01.708
90,117807,Chile,632,95,623,1,,8,7,,33,2020-03-22 15:10:01.808
91,117996,Chile,632,95,623,1,,8,7,,33,2020-03-22 15:20:02.115
92,118185,Chile,632,95,623,1,,8,7,,33,2020-03-22 15:30:02.542
93,118374,Chile,632,95,623,1,,8,7,,33,2020-03-22 15:40:01.608
94,118563,Chile,632,95,623,1,,8,7,,33,2020-03-22 15:50:02.028
95,118752,Chile,632,95,623,1,,8,7,,33,2020-03-22 16:00:01.887
96,118941,Chile,632,95,623,1,,8,7,,33,2020-03-22 16:10:02.607
97,119132,Chile,632,95,623,1,,8,7,,33,2020-03-22 16:40:02.392
98,119322,Chile,632,95,623,1,,8,7,,33,2020-03-22 16:50:02.248
99,119512,Chile,632,95,623,1,,8,7,,33,2020-03-22 17:00:02.174
100,119702,Chile,632,95,623,1,,8,7,,33,2020-03-22 17:10:01.966
101,119892,Chile,632,95,623,1,,8,7,,33,2020-03-22 17:20:01.901
102,120082,Chile,632,95,623,1,,8,7,,33,2020-03-22 17:30:03.26
103,120272,Chile,632,95,623,1,,8,7,,33,2020-03-22 17:40:03.136
104,120462,Chile,632,95,623,1,,8,7,,33,2020-03-22 17:50:01.957
105,120652,Chile,632,95,623,1,,8,7,,33,2020-03-22 18:00:01.753
106,120842,Chile,632,95,623,1,,8,7,,33,2020-03-22 18:10:02.492
107,121032,Chile,632,95,623,1,,8,7,,33,2020-03-22 18:30:02.036
108,121222,Chile,632,95,623,1,,8,7,,33,2020-03-22 18:40:02.238
109,121412,Chile,632,95,623,1,,8,7,,33,2020-03-22 18:50:02.468
110,121602,Chile,632,95,623,1,,8,7,,33,2020-03-22 19:00:01.712
111,121792,Chile,632,95,623,1,,8,7,,33,2020-03-22 19:10:01.802
112,121982,Chile,632,95,623,1,,8,7,,33,2020-03-22 19:20:01.774
113,122172,Chile,632,95,623,1,,8,7,,33,2020-03-22 19:30:02.213
114,122363,Chile,632,95,623,1,,8,7,,33,2020-03-22 19:40:02.298
115,122555,Chile,632,95,623,1,,8,7,,33,2020-03-22 19:50:02.038
116,122747,Chile,632,95,623,1,,8,7,,33,2020-03-22 20:00:02.199
117,122939,Chile,632,95,623,1,,8,7,,33,2020-03-22 20:10:02.435
118,123132,Chile,632,95,623,1,,8,7,,33,2020-03-22 20:20:01.689
119,123324,Chile,632,95,623,1,,8,7,,33,2020-03-22 20:30:01.705
120,123516,Chile,632,95,623,1,,8,7,,33,2020-03-22 20:40:02.242
121,123708,Chile,632,95,623,1,,8,7,,33,2020-03-22 20:50:02.144
122,123900,Chile,632,95,623,1,,8,7,,33,2020-03-22 21:00:01.651
123,124092,Chile,632,95,623,1,,8,7,,33,2020-03-22 21:10:02.274
124,124285,Chile,632,95,623,1,,8,7,,33,2020-03-22 21:20:02.379
125,124478,Chile,632,95,623,1,,8,7,,33,2020-03-22 21:30:02.09
126,124671,Chile,632,95,623,1,,8,7,,33,2020-03-22 21:40:02.262
127,124864,Chile,632,95,623,1,,8,7,,33,2020-03-22 21:50:02.451
128,125057,Chile,632,95,623,1,,8,7,,33,2020-03-22 22:00:02.593
129,125250,Chile,632,95,623,1,,8,7,,33,2020-03-22 22:10:02.087
130,125443,Chile,632,95,623,1,,8,7,,33,2020-03-22 22:20:01.881
131,125636,Chile,632,95,623,1,,8,7,,33,2020-03-22 22:30:01.794
132,125829,Chile,632,95,623,1,,8,7,,33,2020-03-22 22:40:01.8
133,126022,Chile,632,95,623,1,,8,7,,33,2020-03-22 22:50:01.828
134,126215,Chile,632,95,623,1,,8,7,,33,2020-03-22 23:00:02.502
135,126408,Chile,632,95,623,1,,8,7,,33,2020-03-22 23:10:02.549
136,126601,Chile,632,95,623,1,,8,7,,33,2020-03-22 23:20:01.891
137,126794,Chile,632,95,623,1,,8,7,,33,2020-03-22 23:30:01.863
138,126987,Chile,632,95,623,1,,8,7,,33,2020-03-22 23:40:02.207
139,127180,Chile,632,95,623,1,,8,7,,33,2020-03-22 23:50:01.664
140,127373,Chile,632,95,623,1,,8,7,,33,2020-03-23 00:00:02.179
141,127566,Chile,632,95,623,1,,8,7,,33,2020-03-23 00:10:01.95
142,127759,Chile,632,95,623,1,,8,7,,33,2020-03-23 00:20:02.492
143,127952,Chile,632,95,623,1,,8,7,,33,2020-03-23 00:30:02.344
144,128145,Chile,632,95,623,1,,8,7,,33,2020-03-23 00:40:01.875
145,128338,Chile,632,95,623,1,,8,7,,33,2020-03-23 00:50:02.095
146,128531,Chile,632,95,623,1,,8,7,,33,2020-03-23 01:00:02.319
147,128724,Chile,632,95,623,1,,8,7,,33,2020-03-23 01:10:01.782
148,128917,Chile,632,95,623,1,,8,7,,33,2020-03-23 01:20:02.43
149,129110,Chile,632,95,623,1,,8,7,,33,2020-03-23 01:30:02.407
150,129303,Chile,632,95,623,1,,8,7,,33,2020-03-23 01:40:02.085
151,129496,Chile,632,95,623,1,,8,7,,33,2020-03-23 01:50:02.168
152,129689,Chile,632,95,623,1,,8,7,,33,2020-03-23 02:00:02.269
153,129882,Chile,632,95,623,1,,8,7,,33,2020-03-23 02:10:02.435
154,130075,Chile,632,95,623,1,,8,7,,33,2020-03-23 02:20:02.448
155,130268,Chile,632,,623,1,,8,7,,33,2020-03-23 02:30:01.911
156,130461,Chile,632,,623,1,,8,7,,33,2020-03-23 02:40:01.69
157,130654,Chile,632,,623,1,,8,7,,33,2020-03-23 02:50:02.471
158,130847,Chile,632,,623,1,,8,7,,33,2020-03-23 03:00:01.655
159,131040,Chile,632,,623,1,,8,7,,33,2020-03-23 03:10:02.377
160,131233,Chile,632,,623,1,,8,7,,33,2020-03-23 03:20:02.558
161,131426,Chile,632,,623,1,,8,7,,33,2020-03-23 03:30:02.093
162,131619,Chile,632,,623,1,,8,7,,33,2020-03-23 03:40:01.746
163,131812,Chile,632,,623,1,,8,7,,33,2020-03-23 03:50:02.043
164,132005,Chile,632,,623,1,,8,7,,33,2020-03-23 04:00:02.36
165,132198,Chile,632,,623,1,,8,7,,33,2020-03-23 04:10:02.185
166,132391,Chile,632,,623,1,,8,7,,33,2020-03-23 04:20:02.316
167,132584,Chile,632,,623,1,,8,7,,33,2020-03-23 04:30:02.294
168,132777,Chile,632,,623,1,,8,7,,33,2020-03-23 04:40:01.894
169,132970,Chile,632,,623,1,,8,7,,33,2020-03-23 04:50:01.593
170,133163,Chile,632,,623,1,,8,7,,33,2020-03-23 05:00:02.347
171,133357,Chile,632,,623,1,,8,7,,33,2020-03-23 05:10:02.388
172,133550,Chile,632,,623,1,,8,7,,33,2020-03-23 05:20:02.591
173,133743,Chile,632,,623,1,,8,7,,33,2020-03-23 05:30:02.554
174,133936,Chile,632,,623,1,,8,7,,33,2020-03-23 05:40:02.191
175,134129,Chile,632,,623,1,,8,7,,33,2020-03-23 05:50:01.741
176,134322,Chile,632,,623,1,,8,7,,33,2020-03-23 06:00:01.967
177,134515,Chile,632,,623,1,,8,7,,33,2020-03-23 06:10:01.821
178,134708,Chile,632,,623,1,,8,7,,33,2020-03-23 06:20:02.087
179,134901,Chile,632,,623,1,,8,7,,33,2020-03-23 06:30:02.225
180,135094,Chile,632,,623,1,,8,7,,33,2020-03-23 06:40:01.869
181,135287,Chile,632,,623,1,,8,7,,33,2020-03-23 06:50:02.3
182,135480,Chile,632,,623,1,,8,7,,33,2020-03-23 07:00:01.638
183,135673,Chile,632,,623,1,,8,7,,33,2020-03-23 07:10:02.063
184,135866,Chile,632,,623,1,,8,7,,33,2020-03-23 07:20:02.094
185,136059,Chile,632,,623,1,,8,7,,33,2020-03-23 07:30:01.782
186,136252,Chile,632,,623,1,,8,7,,33,2020-03-23 07:40:01.625
187,136445,Chile,632,,623,1,,8,7,,33,2020-03-23 07:50:02.367
188,136638,Chile,632,,623,1,,8,7,,33,2020-03-23 08:00:02.076
189,136831,Chile,632,,623,1,,8,7,,33,2020-03-23 08:10:02.4
190,137024,Chile,632,,623,1,,8,7,,33,2020-03-23 08:30:02.196
191,137217,Chile,632,,623,1,,8,7,,33,2020-03-23 08:40:01.781
192,137410,Chile,632,,623,1,,8,7,,33,2020-03-23 08:50:02.437
193,137603,Chile,632,,623,1,,8,7,,33,2020-03-23 09:00:01.915
194,137796,Chile,632,,623,1,,8,7,,33,2020-03-23 09:10:01.846
195,137989,Chile,632,,623,1,,8,7,,33,2020-03-23 09:20:02.077
196,138182,Chile,632,,623,1,,8,7,,33,2020-03-23 09:30:02.13
197,138375,Chile,632,,623,1,,8,7,,33,2020-03-23 09:40:02.332
198,138569,Chile,632,,623,1,,8,7,,33,2020-03-23 09:50:02.443
199,138762,Chile,632,,623,1,,8,7,,33,2020-03-23 10:00:02.551
200,138955,Chile,632,,623,1,,8,7,,33,2020-03-23 10:10:01.713
201,139148,Chile,632,,623,1,,8,7,,33,2020-03-23 10:20:02.121
202,139341,Chile,632,,623,1,,8,7,,33,2020-03-23 10:30:02.602
203,139534,Chile,632,,623,1,,8,7,,33,2020-03-23 10:50:02.503
204,139727,Chile,632,,623,1,,8,7,,33,2020-03-23 11:00:02.081
205,139920,Chile,632,,623,1,,8,7,,33,2020-03-23 11:10:02.303
206,140113,Chile,632,,623,1,,8,7,,33,2020-03-23 11:20:02.153
207,140306,Chile,632,,623,1,,8,7,,33,2020-03-23 11:30:02.106
208,140499,Chile,632,,623,1,,8,7,,33,2020-03-23 11:40:01.639
209,140692,Chile,632,,623,1,,8,7,,33,2020-03-23 11:50:01.574
210,140885,Chile,632,,623,1,,8,7,,33,2020-03-23 12:00:02.335
211,141078,Chile,632,,623,1,,8,7,,33,2020-03-23 12:10:02.42
212,141271,Chile,632,,623,1,,8,7,,33,2020-03-23 12:20:01.995
213,141464,Chile,632,,623,1,,8,7,,33,2020-03-23 12:30:02.34
214,141657,Chile,632,,623,1,,8,7,,33,2020-03-23 12:40:02.13
215,141850,Chile,632,,623,1,,8,7,,33,2020-03-23 12:50:01.78
216,142043,Chile,632,,623,1,,8,7,,33,2020-03-23 13:00:02.487
217,142232,Chile,746,114,737,1,,8,7,,39,2020-03-23 13:10:02.315
218,142425,Chile,746,114,737,1,,8,7,,39,2020-03-23 13:20:02.142
219,142618,Chile,746,114,737,1,,8,7,,39,2020-03-23 13:30:02.544
220,142811,Chile,746,114,737,1,,8,7,,39,2020-03-23 13:40:02.157
221,143004,Chile,746,114,737,1,,8,7,,39,2020-03-23 13:50:02.122
222,143197,Chile,746,114,737,1,,8,7,,39,2020-03-23 14:00:02.245
223,143390,Chile,746,114,737,1,,8,7,,39,2020-03-23 14:10:01.901
224,143583,Chile,746,114,736,2,1,8,7,,39,2020-03-23 14:20:02.629
225,143777,Chile,746,114,736,2,1,8,7,,39,2020-03-23 14:30:02.028
226,143971,Chile,746,114,736,2,1,8,7,,39,2020-03-23 14:40:02.291
227,144165,Chile,746,114,733,2,1,11,7,,39,2020-03-23 14:50:02.124
228,144359,Chile,746,114,733,2,1,11,7,,39,2020-03-23 15:00:02.206
229,144553,Chile,746,114,733,2,1,11,7,,39,2020-03-23 15:10:02.074
230,144747,Chile,746,114,733,2,1,11,7,,39,2020-03-23 15:20:02.36
231,144941,Chile,746,114,733,2,1,11,7,,39,2020-03-23 15:30:02.176
232,145135,Chile,746,114,733,2,1,11,7,,39,2020-03-23 15:40:01.964
233,145329,Chile,746,114,733,2,1,11,7,,39,2020-03-23 15:50:02.976
234,145523,Chile,746,114,733,2,1,11,7,,39,2020-03-23 16:00:02.106
235,145718,Chile,746,114,733,2,1,11,7,,39,2020-03-23 16:10:02.302
236,145913,Chile,746,114,733,2,1,11,7,,39,2020-03-23 16:20:02.823
237,146108,Chile,746,114,733,2,1,11,7,,39,2020-03-23 16:30:01.597
238,146303,Chile,746,114,733,2,1,11,7,,39,2020-03-23 16:40:01.886
239,146498,Chile,746,114,733,2,1,11,7,,39,2020-03-23 16:50:02.096
240,146693,Chile,746,114,733,2,1,11,7,,39,2020-03-23 17:00:01.9
241,146888,Chile,746,114,733,2,1,11,7,,39,2020-03-23 17:10:01.621
242,147083,Chile,746,114,733,2,1,11,7,,39,2020-03-23 17:20:01.977
243,147278,Chile,746,114,733,2,1,11,7,,39,2020-03-23 17:30:01.995
244,147473,Chile,746,114,733,2,1,11,7,,39,2020-03-23 17:40:02.463
245,147669,Chile,746,114,733,2,1,11,7,,39,2020-03-23 17:50:02.158
246,147865,Chile,746,114,733,2,1,11,7,,39,2020-03-23 18:00:02.364
247,148061,Chile,746,114,733,2,1,11,7,,39,2020-03-23 18:10:03.308
248,148257,Chile,746,114,733,2,1,11,7,,39,2020-03-23 18:20:02.357
249,148453,Chile,746,114,733,2,1,11,7,,39,2020-03-23 18:30:01.988
250,148649,Chile,746,114,733,2,1,11,7,,39,2020-03-23 18:40:02.347
251,148845,Chile,746,114,733,2,1,11,7,,39,2020-03-23 18:50:02.07
252,149041,Chile,746,114,733,2,1,11,7,,39,2020-03-23 19:00:01.746
253,149237,Chile,746,114,733,2,1,11,7,,39,2020-03-23 19:10:01.662
254,149433,Chile,746,114,733,2,1,11,7,,39,2020-03-23 19:20:01.809
255,149630,Chile,746,114,733,2,1,11,7,,39,2020-03-23 19:40:01.605
256,149826,Chile,746,114,733,2,1,11,7,,39,2020-03-23 19:50:01.967
257,150022,Chile,746,114,733,2,1,11,7,,39,2020-03-23 20:00:02.445
258,150218,Chile,746,114,733,2,1,11,7,,39,2020-03-23 20:10:02.476
259,150414,Chile,746,114,733,2,1,11,7,,39,2020-03-23 20:20:01.798
260,150610,Chile,746,114,733,2,1,11,7,,39,2020-03-23 20:30:02.343
261,150806,Chile,746,114,733,2,1,11,7,,39,2020-03-23 20:40:01.916
262,151002,Chile,746,114,733,2,1,11,7,,39,2020-03-23 20:50:02.503
263,151198,Chile,746,114,733,2,1,11,7,,39,2020-03-23 21:00:01.774
264,151394,Chile,746,114,733,2,1,11,7,,39,2020-03-23 21:10:01.765
265,151590,Chile,746,114,733,2,1,11,7,,39,2020-03-23 21:20:02.201
266,151786,Chile,746,114,733,2,1,11,7,,39,2020-03-23 21:30:01.834
267,151982,Chile,746,114,733,2,1,11,7,,39,2020-03-23 21:40:01.7
268,152178,Chile,746,114,733,2,1,11,7,,39,2020-03-23 21:50:02.56
269,152374,Chile,746,114,733,2,1,11,7,,39,2020-03-23 22:00:01.775
270,152570,Chile,746,114,733,2,1,11,7,,39,2020-03-23 22:10:01.965
271,152766,Chile,746,114,733,2,1,11,7,,39,2020-03-23 22:20:02.295
272,152962,Chile,746,114,733,2,1,11,7,,39,2020-03-23 22:30:02.256
273,153158,Chile,746,114,733,2,1,11,7,,39,2020-03-23 22:40:01.657
274,153354,Chile,746,114,733,2,1,11,7,,39,2020-03-23 22:50:01.928
275,153550,Chile,746,114,733,2,1,11,7,,39,2020-03-23 23:00:01.927
276,153746,Chile,746,114,733,2,1,11,7,,39,2020-03-23 23:10:02.387
277,153942,Chile,746,114,733,2,1,11,7,,39,2020-03-23 23:20:02.535
278,154138,Chile,746,114,733,2,1,11,7,,39,2020-03-23 23:30:02.045
279,154334,Chile,746,114,733,2,1,11,7,,39,2020-03-23 23:40:02.412
280,154530,Chile,746,114,733,2,1,11,7,,39,2020-03-23 23:50:01.64
281,154726,Chile,746,114,733,2,1,11,7,,39,2020-03-24 00:00:02.416
282,154922,Chile,746,114,733,2,1,11,7,,39,2020-03-24 00:10:02.473
283,155118,Chile,746,114,733,2,1,11,7,,39,2020-03-24 00:20:02.398
284,155314,Chile,746,114,733,2,1,11,7,,39,2020-03-24 00:30:02.606
285,155510,Chile,746,114,733,2,1,11,7,,39,2020-03-24 00:40:01.638
286,155706,Chile,746,114,733,2,1,11,7,,39,2020-03-24 00:50:01.588
287,155902,Chile,746,114,733,2,1,11,7,,39,2020-03-24 01:00:02.229
288,156098,Chile,746,114,733,2,1,11,7,,39,2020-03-24 01:10:02.563
289,156294,Chile,746,114,733,2,1,11,7,,39,2020-03-24 01:20:02.494
290,156490,Chile,746,114,733,2,1,11,7,,39,2020-03-24 01:30:02.072
291,156686,Chile,746,114,733,2,1,11,7,,39,2020-03-24 01:40:01.828
292,156882,Chile,746,114,733,2,1,11,7,,39,2020-03-24 01:50:02.227
293,157078,Chile,746,114,733,2,1,11,7,,39,2020-03-24 02:00:02.164
294,157274,Chile,746,114,733,2,1,11,7,,39,2020-03-24 02:10:01.803
295,157470,Chile,746,,733,2,,11,7,,39,2020-03-24 02:20:01.723
296,157666,Chile,746,,733,2,,11,7,,39,2020-03-24 02:30:01.925
297,157862,Chile,746,,733,2,,11,7,,39,2020-03-24 02:40:02.188
298,158058,Chile,746,,733,2,,11,7,,39,2020-03-24 02:50:02.55
299,158254,Chile,746,,733,2,,11,7,,39,2020-03-24 03:00:02.247
300,158450,Chile,746,,733,2,,11,7,,39,2020-03-24 03:10:02.372
301,158646,Chile,746,,733,2,,11,7,,39,2020-03-24 03:20:02.434
302,158842,Chile,746,,733,2,,11,7,,39,2020-03-24 03:30:01.631
303,159038,Chile,746,,733,2,,11,7,,39,2020-03-24 03:40:01.877
304,159234,Chile,746,,733,2,,11,7,,39,2020-03-24 03:50:02.013
305,159431,Chile,746,,733,2,,11,7,,39,2020-03-24 04:00:02.48
306,159627,Chile,746,,733,2,,11,7,,39,2020-03-24 04:10:02.29
307,159823,Chile,746,,733,2,,11,7,,39,2020-03-24 04:20:02.35
308,160019,Chile,746,,733,2,,11,7,,39,2020-03-24 04:30:02.532
309,160215,Chile,746,,733,2,,11,7,,39,2020-03-24 04:40:02.124
310,160411,Chile,746,,733,2,,11,7,,39,2020-03-24 04:50:02.249
311,160607,Chile,746,,733,2,,11,7,,39,2020-03-24 05:00:01.646
312,160803,Chile,746,,733,2,,11,7,,39,2020-03-24 05:10:02.043
313,160999,Chile,746,,733,2,,11,7,,39,2020-03-24 05:20:02.402
314,161195,Chile,746,,733,2,,11,7,,39,2020-03-24 05:30:02.249
315,161391,Chile,746,,733,2,,11,7,,39,2020-03-24 05:40:01.63
316,161587,Chile,746,,733,2,,11,7,,39,2020-03-24 05:50:01.94
317,161783,Chile,746,,733,2,,11,7,,39,2020-03-24 06:00:02.486
318,161979,Chile,746,,733,2,,11,7,,39,2020-03-24 06:10:02.333
319,162175,Chile,746,,733,2,,11,7,,39,2020-03-24 06:20:01.835
320,162371,Chile,746,,733,2,,11,7,,39,2020-03-24 06:30:01.777
321,162567,Chile,746,,733,2,,11,7,,39,2020-03-24 06:40:01.669
322,162763,Chile,746,,733,2,,11,7,,39,2020-03-24 06:50:02.262
323,162959,Chile,746,,733,2,,11,7,,39,2020-03-24 07:00:02.574
324,163155,Chile,746,,733,2,,11,7,,39,2020-03-24 07:10:02.237
325,163351,Chile,746,,733,2,,11,7,,39,2020-03-24 07:20:02.171
326,163547,Chile,746,,733,2,,11,7,,39,2020-03-24 07:30:01.84
327,163743,Chile,746,,733,2,,11,7,,39,2020-03-24 07:40:02.041
328,163939,Chile,746,,733,2,,11,7,,39,2020-03-24 07:50:02.607
329,164135,Chile,746,,733,2,,11,7,,39,2020-03-24 08:00:01.897
330,164331,Chile,746,,733,2,,11,7,,39,2020-03-24 08:10:02.423
331,164527,Chile,746,,733,2,,11,7,,39,2020-03-24 08:20:01.945
332,164723,Chile,746,,733,2,,11,7,,39,2020-03-24 08:30:02.618
333,164920,Chile,746,,733,2,,11,7,,39,2020-03-24 08:40:01.664
334,165117,Chile,746,,733,2,,11,7,,39,2020-03-24 08:50:01.78
335,165314,Chile,746,,733,2,,11,7,,39,2020-03-24 09:00:02.11
336,165511,Chile,746,,733,2,,11,7,,39,2020-03-24 09:10:01.889
337,165708,Chile,746,,733,2,,11,7,,39,2020-03-24 09:20:02.547
338,165905,Chile,746,,733,2,,11,7,,39,2020-03-24 09:30:01.962
339,166102,Chile,746,,733,2,,11,7,,39,2020-03-24 09:40:01.954
340,166300,Chile,746,,733,2,,11,7,,39,2020-03-24 09:50:01.99
341,166497,Chile,746,,733,2,,11,7,,39,2020-03-24 10:00:01.939
342,166694,Chile,746,,733,2,,11,7,,39,2020-03-24 10:10:02.615
343,166891,Chile,746,,733,2,,11,7,,39,2020-03-24 10:20:02.086
344,167088,Chile,746,,733,2,,11,7,,39,2020-03-24 10:30:02.28
345,167285,Chile,746,,733,2,,11,7,,39,2020-03-24 10:40:01.848
346,167482,Chile,746,,733,2,,11,7,,39,2020-03-24 10:50:02.392
347,167679,Chile,746,,733,2,,11,7,,39,2020-03-24 11:00:02.415
348,167877,Chile,746,,733,2,,11,7,,39,2020-03-24 11:10:02.432
349,168074,Chile,746,,733,2,,11,7,,39,2020-03-24 11:20:02.499
350,168271,Chile,746,,733,2,,11,7,,39,2020-03-24 11:30:01.83
351,168468,Chile,746,,733,2,,11,7,,39,2020-03-24 11:40:01.836
352,168665,Chile,746,,733,2,,11,7,,39,2020-03-24 11:50:01.966
353,168862,Chile,746,,733,2,,11,7,,39,2020-03-24 12:00:02.197
354,169059,Chile,746,,733,2,,11,7,,39,2020-03-24 12:10:02.471
355,169256,Chile,746,,733,2,,11,7,,39,2020-03-24 12:20:01.736
356,169453,Chile,746,,733,2,,11,7,,39,2020-03-24 12:30:02.174
357,169650,Chile,746,,733,2,,11,7,,39,2020-03-24 12:40:02.586
358,169848,Chile,746,,733,2,,11,7,,39,2020-03-24 12:50:02.505
359,170045,Chile,746,,733,2,,11,7,,39,2020-03-24 13:00:01.749
360,170242,Chile,746,,733,2,,11,7,,39,2020-03-24 13:10:02.448
361,170439,Chile,746,,733,2,,11,7,,39,2020-03-24 13:20:02.129
362,170629,Chile,922,176,903,2,,17,7,,48,2020-03-24 13:30:02.203
363,170826,Chile,922,176,903,2,,17,7,,48,2020-03-24 13:40:02.09
364,171023,Chile,922,176,903,2,,17,7,,48,2020-03-24 13:50:02.261
365,171220,Chile,922,176,903,2,,17,7,,48,2020-03-24 14:00:01.64
366,171417,Chile,922,176,903,2,,17,7,,48,2020-03-24 14:10:02.334
367,171614,Chile,922,176,903,2,,17,7,,48,2020-03-24 14:20:02.428
368,171811,Chile,922,176,903,2,,17,7,,48,2020-03-24 14:30:01.861
369,172008,Chile,922,176,903,2,,17,7,,48,2020-03-24 14:40:02.44
370,172206,Chile,922,176,903,2,,17,7,,48,2020-03-24 14:50:01.851
371,172403,Chile,922,176,903,2,,17,7,,48,2020-03-24 15:00:02.517
372,172600,Chile,922,176,903,2,,17,7,,48,2020-03-24 15:10:02.032
373,172797,Chile,922,176,903,2,,17,7,,48,2020-03-24 15:30:02.212
374,172994,Chile,922,176,903,2,,17,7,,48,2020-03-24 15:40:02.344
375,173191,Chile,922,176,903,2,,17,7,,48,2020-03-24 15:50:02.298
376,173388,Chile,922,176,903,2,,17,7,,48,2020-03-24 16:00:01.737
377,173585,Chile,922,176,903,2,,17,7,,48,2020-03-24 16:10:01.927
378,173782,Chile,922,176,903,2,,17,7,,48,2020-03-24 16:20:02.203
379,173979,Chile,922,176,903,2,,17,7,,48,2020-03-24 16:30:02.3
380,174176,Chile,922,176,903,2,,17,7,,48,2020-03-24 16:40:01.634
381,174373,Chile,922,176,903,2,,17,7,,48,2020-03-24 16:50:01.802
382,174570,Chile,922,176,903,2,,17,7,,48,2020-03-24 17:00:03.068
383,174768,Chile,922,176,903,2,,17,7,,48,2020-03-24 17:10:02.415
384,174965,Chile,922,176,903,2,,17,7,,48,2020-03-24 17:20:02.242
385,175162,Chile,922,176,903,2,,17,7,,48,2020-03-24 17:30:01.767
386,175359,Chile,922,176,903,2,,17,7,,48,2020-03-24 17:40:01.917
387,175556,Chile,922,176,903,2,,17,7,,48,2020-03-24 17:50:01.793
388,175753,Chile,922,176,903,2,,17,7,,48,2020-03-24 18:00:02.366
389,175950,Chile,922,176,903,2,,17,7,,48,2020-03-24 18:10:01.667
390,176147,Chile,922,176,903,2,,17,7,,48,2020-03-24 18:20:01.996
391,176344,Chile,922,176,903,2,,17,7,,48,2020-03-24 18:30:02.18
392,176541,Chile,922,176,903,2,,17,7,,48,2020-03-24 18:40:02.393
393,176738,Chile,922,176,903,2,,17,7,,48,2020-03-24 18:41:16.608
394,176935,Chile,922,176,903,2,,17,7,,48,2020-03-24 18:50:01.848
395,177132,Chile,922,176,903,2,,17,7,,48,2020-03-24 19:00:01.776
396,177329,Chile,922,176,903,2,,17,7,,48,2020-03-24 19:10:02.432
397,177526,Chile,922,176,903,2,,17,7,,48,2020-03-24 19:20:01.635
398,177723,Chile,922,176,903,2,,17,7,,48,2020-03-24 19:30:01.85
399,177920,Chile,922,176,903,2,,17,7,,48,2020-03-24 19:40:02.548
400,178117,Chile,922,176,903,2,,17,7,,48,2020-03-24 19:50:02.144
401,178314,Chile,922,176,903,2,,17,7,,48,2020-03-24 20:00:02.519
402,178511,Chile,922,176,903,2,,17,7,,48,2020-03-24 20:10:02.37
403,178708,Chile,922,176,903,2,,17,7,,48,2020-03-24 20:20:02.555
404,178905,Chile,922,176,903,2,,17,7,,48,2020-03-24 20:30:02.294
405,179102,Chile,922,176,903,2,,17,7,,48,2020-03-24 20:40:02.144
406,179299,Chile,922,176,903,2,,17,7,,48,2020-03-24 20:50:01.881
407,179496,Chile,922,176,903,2,,17,7,,48,2020-03-24 21:00:01.637
408,179693,Chile,922,176,903,2,,17,7,,48,2020-03-24 21:10:02.095
409,179890,Chile,922,176,903,2,,17,7,,48,2020-03-24 21:20:01.99
410,180087,Chile,922,176,903,2,,17,7,,48,2020-03-24 21:30:02.143
411,180284,Chile,922,176,903,2,,17,7,,48,2020-03-24 21:40:01.967
412,180481,Chile,922,176,903,2,,17,7,,48,2020-03-24 21:50:02.391
413,180678,Chile,922,176,903,2,,17,7,,48,2020-03-24 22:00:02.132
414,180875,Chile,922,176,903,2,,17,7,,48,2020-03-24 22:10:02.022
415,181072,Chile,922,176,903,2,,17,7,,48,2020-03-24 22:20:01.799
416,181269,Chile,922,176,903,2,,17,7,,48,2020-03-24 22:30:01.678
417,181466,Chile,922,176,903,2,,17,7,,48,2020-03-24 22:40:02.465
418,181664,Chile,922,176,903,2,,17,7,,48,2020-03-24 22:50:02.019
419,181862,Chile,922,176,903,2,,17,7,,48,2020-03-24 23:00:02.214
420,182060,Chile,922,176,903,2,,17,7,,48,2020-03-24 23:10:01.65
421,182258,Chile,922,176,903,2,,17,7,,48,2020-03-24 23:20:01.84
422,182456,Chile,922,176,903,2,,17,7,,48,2020-03-24 23:30:01.933
423,182654,Chile,922,176,903,2,,17,7,,48,2020-03-24 23:40:01.63
424,182852,Chile,922,176,903,2,,17,7,,48,2020-03-24 23:50:02.411
425,183050,Chile,922,176,903,2,,17,7,,48,2020-03-25 00:00:02.126
426,183248,Chile,922,176,903,2,,17,7,,48,2020-03-25 00:10:02.376
427,183446,Chile,922,176,903,2,,17,7,,48,2020-03-25 00:20:01.61
428,183644,Chile,922,176,903,2,,17,7,,48,2020-03-25 00:30:02.194
429,183842,Chile,922,176,903,2,,17,7,,48,2020-03-25 00:40:02.555
430,184040,Chile,922,176,903,2,,17,7,,48,2020-03-25 00:50:02.55
431,184238,Chile,922,176,903,2,,17,7,,48,2020-03-25 01:00:02.36
432,184436,Chile,922,176,903,2,,17,7,,48,2020-03-25 01:10:02.039
433,184634,Chile,922,176,903,2,,17,7,,48,2020-03-25 01:20:02.532
434,184832,Chile,922,176,903,2,,17,7,,48,2020-03-25 01:30:02.159
435,185030,Chile,922,176,903,2,,17,7,,48,2020-03-25 01:40:01.678
436,185228,Chile,922,176,903,2,,17,7,,48,2020-03-25 01:50:02.1
437,185426,Chile,922,176,903,2,,17,7,,48,2020-03-25 02:00:02.404
438,185624,Chile,922,176,903,2,,17,7,,48,2020-03-25 02:10:01.634
439,185822,Chile,922,176,903,2,,17,7,,48,2020-03-25 02:20:02.344
440,186020,Chile,922,176,903,2,,17,7,,48,2020-03-25 02:30:01.72
441,186218,Chile,922,176,903,2,,17,7,,48,2020-03-25 02:40:02.464
442,186416,Chile,922,,903,2,,17,7,,48,2020-03-25 02:50:01.663
443,186614,Chile,922,,903,2,,17,7,,48,2020-03-25 03:00:02.218
444,186812,Chile,922,,903,2,,17,7,,48,2020-03-25 03:10:02.209
445,187010,Chile,922,,903,2,,17,7,,48,2020-03-25 03:20:02.242
446,187208,Chile,922,,903,2,,17,7,,48,2020-03-25 03:30:02.479
447,187406,Chile,922,,903,2,,17,7,,48,2020-03-25 03:40:02.032
448,187604,Chile,922,,903,2,,17,7,,48,2020-03-25 03:50:01.797
449,187802,Chile,922,,903,2,,17,7,,48,2020-03-25 04:00:02.415
450,188000,Chile,922,,903,2,,17,7,,48,2020-03-25 04:10:02.545
451,188198,Chile,922,,903,2,,17,7,,48,2020-03-25 04:30:01.685
452,188396,Chile,922,,903,2,,17,7,,48,2020-03-25 04:40:02.022
453,188595,Chile,922,,903,2,,17,7,,48,2020-03-25 04:50:01.609
454,188793,Chile,922,,903,2,,17,7,,48,2020-03-25 05:00:02.062
455,188991,Chile,922,,903,2,,17,7,,48,2020-03-25 05:10:02.29
456,189189,Chile,922,,903,2,,17,7,,48,2020-03-25 05:20:02.506
457,189387,Chile,922,,903,2,,17,7,,48,2020-03-25 05:30:02.017
458,189585,Chile,922,,903,2,,17,7,,48,2020-03-25 05:40:02.499
459,189783,Chile,922,,903,2,,17,7,,48,2020-03-25 05:50:01.826
460,189981,Chile,922,,903,2,,17,7,,48,2020-03-25 06:00:02.46
461,190179,Chile,922,,903,2,,17,7,,48,2020-03-25 06:10:02.37
462,190374,Chile,922,,903,2,,17,7,,48,2020-03-25 06:20:02.161
463,190569,Chile,922,,903,2,,17,7,,48,2020-03-25 06:30:02.141
464,190764,Chile,922,,903,2,,17,7,,48,2020-03-25 06:40:01.791
465,190959,Chile,922,,903,2,,17,7,,48,2020-03-25 06:50:02.35
466,191154,Chile,922,,903,2,,17,7,,48,2020-03-25 07:00:01.728
467,191349,Chile,922,,903,2,,17,7,,48,2020-03-25 07:10:01.887
468,191544,Chile,922,,903,2,,17,7,,48,2020-03-25 07:20:01.905
469,191739,Chile,922,,903,2,,17,7,,48,2020-03-25 07:30:02.065
470,191934,Chile,922,,903,2,,17,7,,48,2020-03-25 07:50:01.609
471,192129,Chile,922,,903,2,,17,7,,48,2020-03-25 08:00:01.971
472,192325,Chile,922,,903,2,,17,7,,48,2020-03-25 08:10:02.033
473,192520,Chile,922,,903,2,,17,7,,48,2020-03-25 08:30:02.224
474,192715,Chile,922,,903,2,,17,7,,48,2020-03-25 08:40:01.905
475,192910,Chile,922,,903,2,,17,7,,48,2020-03-25 08:50:01.734
476,193105,Chile,922,,903,2,,17,7,,48,2020-03-25 09:00:01.866
477,193300,Chile,922,,903,2,,17,7,,48,2020-03-25 09:10:02.628
478,193495,Chile,922,,903,2,,17,7,,48,2020-03-25 09:20:02.067
479,193690,Chile,922,,903,2,,17,7,,48,2020-03-25 09:30:02.364
480,193885,Chile,922,,903,2,,17,7,,48,2020-03-25 09:40:02.076
481,194080,Chile,922,,903,2,,17,7,,48,2020-03-25 09:50:02.44
482,194275,Chile,922,,903,2,,17,7,,48,2020-03-25 10:00:02.318
483,194470,Chile,922,,903,2,,17,7,,48,2020-03-25 10:10:02.414
484,194665,Chile,922,,903,2,,17,7,,48,2020-03-25 10:20:01.769
485,194860,Chile,922,,903,2,,17,7,,48,2020-03-25 10:30:01.704
486,195056,Chile,922,,903,2,,17,7,,48,2020-03-25 10:40:02.124
487,195252,Chile,922,,903,2,,17,7,,48,2020-03-25 10:50:02.415
488,195448,Chile,922,,903,2,,17,7,,48,2020-03-25 11:00:02.559
489,195644,Chile,922,,903,2,,17,7,,48,2020-03-25 11:10:02.32
490,195840,Chile,922,,903,2,,17,7,,48,2020-03-25 11:20:01.931
491,196036,Chile,922,,903,2,,17,7,,48,2020-03-25 11:30:02.084
492,196232,Chile,922,,903,2,,17,7,,48,2020-03-25 11:40:01.756
493,196428,Chile,922,,903,2,,17,7,,48,2020-03-25 11:50:02.474
494,196624,Chile,922,,903,2,,17,7,,48,2020-03-25 12:00:01.711
495,196820,Chile,922,,903,2,,17,7,,48,2020-03-25 12:10:02.374
496,197017,Chile,922,,903,2,,17,7,,48,2020-03-25 12:20:02.457
497,197214,Chile,922,,903,2,,17,7,,48,2020-03-25 12:30:01.751
498,197411,Chile,922,,903,2,,17,7,,48,2020-03-25 12:40:01.999
499,197608,Chile,922,,903,2,,17,7,,48,2020-03-25 12:50:02.074
500,197805,Chile,922,,903,2,,17,7,,48,2020-03-25 13:00:02.471
501,198002,Chile,922,,903,2,,17,7,,48,2020-03-25 13:10:02.198
502,198194,Chile,"1,142",220,"1,118",2,,22,7,,60,2020-03-25 13:20:01.973
503,198391,Chile,"1,142",220,"1,118",2,,22,7,,60,2020-03-25 13:30:02.052
504,198588,Chile,"1,142",220,"1,118",2,,22,7,,60,2020-03-25 13:40:02.398
505,198785,Chile,"1,142",220,"1,118",2,,22,7,,60,2020-03-25 13:50:01.754
506,198982,Chile,"1,142",220,"1,118",2,,22,7,,60,2020-03-25 14:00:02.315
507,199179,Chile,"1,142",220,"1,118",2,,22,7,,60,2020-03-25 14:10:02.005
508,199376,Chile,"1,142",220,"1,118",2,,22,7,,60,2020-03-25 14:20:01.981
509,199573,Chile,"1,142",220,"1,118",2,,22,7,,60,2020-03-25 14:30:02.299
510,199770,Chile,"1,142",220,"1,117",3,1,22,7,,60,2020-03-25 14:40:01.614
511,199967,Chile,"1,142",220,"1,117",3,1,22,7,,60,2020-03-25 14:50:02.335
512,200164,Chile,"1,142",220,"1,117",3,1,22,7,,60,2020-03-25 15:00:02.308
513,200361,Chile,"1,142",220,"1,117",3,1,22,7,,60,2020-03-25 15:10:02.032
514,200559,Chile,"1,142",220,"1,117",3,1,22,7,,60,2020-03-25 15:20:02.379
515,200757,Chile,"1,142",220,"1,117",3,1,22,7,,60,2020-03-25 15:30:02.354
516,200954,Chile,"1,142",220,"1,117",3,1,22,7,,60,2020-03-25 15:40:02.593
517,201151,Chile,"1,142",220,"1,117",3,1,22,7,,60,2020-03-25 15:50:02.46
518,201348,Chile,"1,142",220,"1,117",3,1,22,7,,60,2020-03-25 16:00:02.161
519,201545,Chile,"1,142",220,"1,117",3,1,22,7,,60,2020-03-25 16:10:02.388
520,201742,Chile,"1,142",220,"1,117",3,1,22,7,,60,2020-03-25 16:20:01.593
521,201939,Chile,"1,142",220,"1,117",3,1,22,7,,60,2020-03-25 16:30:02.622
522,202136,Chile,"1,142",220,"1,117",3,1,22,7,,60,2020-03-25 16:40:01.682
523,202333,Chile,"1,142",220,"1,117",3,1,22,7,,60,2020-03-25 16:50:01.67
524,202530,Chile,"1,142",220,"1,117",3,1,22,7,,60,2020-03-25 17:00:01.678
525,202727,Chile,"1,142",220,"1,117",3,1,22,7,,60,2020-03-25 17:10:02.551
526,202924,Chile,"1,142",220,"1,117",3,1,22,7,,60,2020-03-25 17:20:02.543
527,203121,Chile,"1,142",220,"1,117",3,1,22,7,,60,2020-03-25 17:30:01.695
528,203318,Chile,"1,142",220,"1,117",3,1,22,7,,60,2020-03-25 17:40:01.698
529,203515,Chile,"1,142",220,"1,117",3,1,22,7,,60,2020-03-25 18:00:02.098
530,203712,Chile,"1,142",220,"1,117",3,1,22,7,,60,2020-03-25 18:10:02.245
531,203909,Chile,"1,142",220,"1,117",3,1,22,7,,60,2020-03-25 18:20:02.634
532,204106,Chile,"1,142",220,"1,117",3,1,22,7,,60,2020-03-25 18:30:02.192
533,204303,Chile,"1,142",220,"1,117",3,1,22,7,,60,2020-03-25 18:40:02.392
534,204500,Chile,"1,142",220,"1,117",3,1,22,7,,60,2020-03-25 18:50:01.682
535,204697,Chile,"1,142",220,"1,117",3,1,22,7,,60,2020-03-25 19:00:02.568
536,204894,Chile,"1,142",220,"1,117",3,1,22,7,,60,2020-03-25 19:10:01.979
537,205091,Chile,"1,142",220,"1,117",3,1,22,7,,60,2020-03-25 19:20:02.515
538,205288,Chile,"1,142",220,"1,117",3,1,22,7,,60,2020-03-25 19:30:02.495
539,205485,Chile,"1,142",220,"1,117",3,1,22,7,,60,2020-03-25 19:40:01.963
540,205682,Chile,"1,142",220,"1,117",3,1,22,7,,60,2020-03-25 19:50:02.233
541,205879,Chile,"1,142",220,"1,117",3,1,22,7,,60,2020-03-25 20:00:01.733
542,206076,Chile,"1,142",220,"1,117",3,1,22,7,,60,2020-03-25 20:10:02.371
543,206273,Chile,"1,142",220,"1,117",3,1,22,7,,60,2020-03-25 20:20:02.1
544,206470,Chile,"1,142",220,"1,117",3,1,22,7,,60,2020-03-25 20:30:01.613
545,206667,Chile,"1,142",220,"1,117",3,1,22,7,,60,2020-03-25 20:40:02.277
546,206864,Chile,"1,142",220,"1,117",3,1,22,7,,60,2020-03-25 20:50:02.212
547,207061,Chile,"1,142",220,"1,117",3,1,22,7,,60,2020-03-25 21:00:01.843
548,207258,Chile,"1,142",220,"1,117",3,1,22,7,,60,2020-03-25 21:10:02.589
549,207455,Chile,"1,142",220,"1,117",3,1,22,7,,60,2020-03-25 21:20:01.729
550,207652,Chile,"1,142",220,"1,117",3,1,22,7,,60,2020-03-25 21:30:02.347
551,207849,Chile,"1,142",220,"1,117",3,1,22,7,,60,2020-03-25 21:40:02.015
552,208046,Chile,"1,142",220,"1,117",3,1,22,7,,60,2020-03-25 21:50:02.199
553,208243,Chile,"1,142",220,"1,117",3,1,22,7,,60,2020-03-25 22:00:02.458
554,208442,Chile,"1,142",220,"1,117",3,1,22,7,,60,2020-03-25 22:10:01.948
555,208641,Chile,"1,142",220,"1,117",3,1,22,7,,60,2020-03-25 22:20:02.428
556,208840,Chile,"1,142",220,"1,117",3,1,22,7,,60,2020-03-25 22:30:01.618
557,209039,Chile,"1,142",220,"1,117",3,1,22,7,,60,2020-03-25 22:40:01.759
558,209238,Chile,"1,142",220,"1,117",3,1,22,7,,60,2020-03-25 22:50:02.454
559,209437,Chile,"1,142",220,"1,117",3,1,22,7,,60,2020-03-25 23:00:02.058
560,209636,Chile,"1,142",220,"1,117",3,1,22,7,,60,2020-03-25 23:10:01.973
561,209835,Chile,"1,142",220,"1,117",3,1,22,7,,60,2020-03-25 23:20:02.316
562,210034,Chile,"1,142",220,"1,117",3,1,22,7,,60,2020-03-25 23:30:01.669
563,210233,Chile,"1,142",220,"1,117",3,1,22,7,,60,2020-03-25 23:40:01.638
564,210432,Chile,"1,142",220,"1,117",3,1,22,7,,60,2020-03-25 23:50:01.895
565,210631,Chile,"1,142",220,"1,117",3,1,22,7,,60,2020-03-26 00:00:02.024
566,210830,Chile,"1,142",220,"1,117",3,1,22,7,,60,2020-03-26 00:10:02.055
567,211029,Chile,"1,142",220,"1,117",3,1,22,7,,60,2020-03-26 00:20:02.497
568,211228,Chile,"1,142",220,"1,117",3,1,22,7,,60,2020-03-26 00:30:02.201
569,211427,Chile,"1,142",220,"1,117",3,1,22,7,,60,2020-03-26 00:40:02.53
570,211626,Chile,"1,142",220,"1,117",3,1,22,7,,60,2020-03-26 00:50:02.433
571,211825,Chile,"1,142",220,"1,117",3,1,22,7,,60,2020-03-26 01:00:01.731
572,212024,Chile,"1,142",220,"1,117",3,1,22,7,,60,2020-03-26 01:10:01.639
573,212223,Chile,"1,142",220,"1,117",3,1,22,7,,60,2020-03-26 01:20:02.335
574,212422,Chile,"1,142",220,"1,117",3,1,22,7,,60,2020-03-26 01:30:02.52
575,212621,Chile,"1,142",220,"1,117",3,1,22,7,,60,2020-03-26 01:40:02.555
576,212820,Chile,"1,142",220,"1,117",3,1,22,7,,60,2020-03-26 01:50:02.445
577,213019,Chile,"1,142",220,"1,117",3,1,22,7,,60,2020-03-26 02:00:01.693
578,213218,Chile,"1,142",220,"1,117",3,1,22,7,,60,2020-03-26 02:10:02.3
579,213417,Chile,"1,142",220,"1,117",3,1,22,7,,60,2020-03-26 02:20:02.024
580,213616,Chile,"1,142",220,"1,117",3,1,22,7,,60,2020-03-26 02:30:02.266
581,213815,Chile,"1,142",220,"1,117",3,1,22,7,,60,2020-03-26 02:40:01.898
582,214014,Chile,"1,142",220,"1,117",3,1,22,7,,60,2020-03-26 02:50:01.715
583,214213,Chile,"1,142",220,"1,117",3,1,22,7,,60,2020-03-26 03:00:01.872
584,214412,Chile,"1,142",220,"1,117",3,1,22,7,,60,2020-03-26 03:10:01.927
585,214611,Chile,"1,142",220,"1,117",3,1,22,7,,60,2020-03-26 03:20:02.236
586,214810,Chile,"1,142",220,"1,117",3,1,22,7,,60,2020-03-26 03:30:02.212
587,215009,Chile,"1,142",,"1,117",3,,22,7,,60,2020-03-26 03:40:01.863
588,215208,Chile,"1,142",,"1,117",3,,22,7,,60,2020-03-26 03:50:01.644
589,215407,Chile,"1,142",,"1,117",3,,22,7,,60,2020-03-26 04:00:01.885
590,215606,Chile,"1,142",,"1,117",3,,22,7,,60,2020-03-26 05:10:02.516
591,215805,Chile,"1,142",,"1,117",3,,22,7,,60,2020-03-26 05:20:02.229
592,216004,Chile,"1,142",,"1,117",3,,22,7,,60,2020-03-26 05:30:02.258
593,216203,Chile,"1,142",,"1,117",3,,22,7,,60,2020-03-26 05:40:02.328
594,216402,Chile,"1,142",,"1,117",3,,22,7,,60,2020-03-26 05:50:02.171
595,216601,Chile,"1,142",,"1,117",3,,22,7,,60,2020-03-26 06:00:02.3
596,216800,Chile,"1,142",,"1,117",3,,22,7,,60,2020-03-26 06:10:01.785
597,216999,Chile,"1,142",,"1,117",3,,22,7,,60,2020-03-26 06:20:02.28
598,217198,Chile,"1,142",,"1,117",3,,22,7,,60,2020-03-26 06:30:02.028
599,217397,Chile,"1,142",,"1,117",3,,22,7,,60,2020-03-26 06:40:02.032
600,217596,Chile,"1,142",,"1,117",3,,22,7,,60,2020-03-26 06:50:02.115
601,217795,Chile,"1,142",,"1,117",3,,22,7,,60,2020-03-26 07:00:01.687
602,217994,Chile,"1,142",,"1,117",3,,22,7,,60,2020-03-26 07:10:01.742
603,218193,Chile,"1,142",,"1,117",3,,22,7,,60,2020-03-26 07:20:02.136
604,218392,Chile,"1,142",,"1,117",3,,22,7,,60,2020-03-26 07:30:02.338
605,218591,Chile,"1,142",,"1,117",3,,22,7,,60,2020-03-26 07:40:02.24
606,218790,Chile,"1,142",,"1,117",3,,22,7,,60,2020-03-26 07:50:02.188
607,218989,Chile,"1,142",,"1,117",3,,22,7,,60,2020-03-26 08:00:01.819
608,219188,Chile,"1,142",,"1,117",3,,22,7,,60,2020-03-26 08:10:02.248
609,219387,Chile,"1,142",,"1,117",3,,22,7,,60,2020-03-26 08:20:01.864
610,219586,Chile,"1,142",,"1,117",3,,22,7,,60,2020-03-26 08:30:02.584
611,219785,Chile,"1,142",,"1,117",3,,22,7,,60,2020-03-26 08:40:01.993
612,219984,Chile,"1,142",,"1,117",3,,22,7,,60,2020-03-26 08:50:01.704
613,220183,Chile,"1,142",,"1,117",3,,22,7,,60,2020-03-26 09:00:02.454
614,220382,Chile,"1,142",,"1,117",3,,22,7,,60,2020-03-26 09:10:02.533
615,220581,Chile,"1,142",,"1,117",3,,22,7,,60,2020-03-26 09:20:01.704
616,220780,Chile,"1,142",,"1,117",3,,22,7,,60,2020-03-26 09:30:02.265
617,220979,Chile,"1,142",,"1,117",3,,22,7,,60,2020-03-26 09:40:02.085
618,221178,Chile,"1,142",,"1,117",3,,22,7,,60,2020-03-26 09:50:02.519
619,221377,Chile,"1,142",,"1,117",3,,22,7,,60,2020-03-26 10:00:01.762
620,221576,Chile,"1,142",,"1,117",3,,22,7,,60,2020-03-26 10:10:02.021
621,221775,Chile,"1,142",,"1,117",3,,22,7,,60,2020-03-26 10:20:02.254
622,221974,Chile,"1,142",,"1,117",3,,22,7,,60,2020-03-26 10:30:01.999
623,222173,Chile,"1,142",,"1,117",3,,22,7,,60,2020-03-26 10:40:02.286
624,222372,Chile,"1,142",,"1,117",3,,22,7,,60,2020-03-26 10:50:02.017
625,222571,Chile,"1,142",,"1,117",3,,22,7,,60,2020-03-26 11:00:02.467
626,222770,Chile,"1,142",,"1,117",3,,22,7,,60,2020-03-26 11:10:01.902
627,222969,Chile,"1,142",,"1,117",3,,22,7,,60,2020-03-26 11:20:02.255
628,223168,Chile,"1,142",,"1,117",3,,22,7,,60,2020-03-26 11:30:01.707
629,223367,Chile,"1,142",,"1,117",3,,22,7,,60,2020-03-26 11:40:02.573
630,223566,Chile,"1,142",,"1,117",3,,22,7,,60,2020-03-26 11:50:01.958
631,223765,Chile,"1,142",,"1,117",3,,22,7,,60,2020-03-26 12:00:02.218
632,223964,Chile,"1,142",,"1,117",3,,22,7,,60,2020-03-26 12:10:02.575
633,224163,Chile,"1,142",,"1,117",3,,22,7,,60,2020-03-26 12:20:02.419
634,224362,Chile,"1,142",,"1,117",3,,22,7,,60,2020-03-26 12:30:02.573
635,224561,Chile,"1,142",,"1,117",3,,22,7,,60,2020-03-26 12:40:01.902
636,224760,Chile,"1,142",,"1,117",3,,22,7,,60,2020-03-26 12:50:01.602
637,224959,Chile,"1,142",,"1,117",3,,22,7,,60,2020-03-26 13:00:02.098
638,225158,Chile,"1,142",,"1,117",3,,22,7,,60,2020-03-26 13:10:01.981
639,225357,Chile,"1,142",,"1,117",3,,22,7,,60,2020-03-26 13:20:01.743
640,225555,Chile,"1,306",164,"1,281",3,,22,7,,68,2020-03-26 13:30:01.935
641,225754,Chile,"1,306",164,"1,280",4,1,22,7,,68,2020-03-26 13:40:02.397
642,225953,Chile,"1,306",164,"1,280",4,1,22,7,,68,2020-03-26 13:50:01.829
643,226152,Chile,"1,306",164,"1,280",4,1,22,7,,68,2020-03-26 14:00:02.086
644,226351,Chile,"1,306",164,"1,280",4,1,22,7,,68,2020-03-26 14:10:02.195
645,226550,Chile,"1,306",164,"1,280",4,1,22,7,,68,2020-03-26 14:20:01.928
646,226749,Chile,"1,306",164,"1,280",4,1,22,7,,68,2020-03-26 14:30:02.148
647,226948,Chile,"1,306",164,"1,280",4,1,22,7,,68,2020-03-26 14:40:02.062
648,227147,Chile,"1,306",164,"1,280",4,1,22,7,,68,2020-03-26 14:50:02.556
649,227346,Chile,"1,306",164,"1,280",4,1,22,7,,68,2020-03-26 15:00:02.169
650,227545,Chile,"1,306",164,"1,280",4,1,22,7,,68,2020-03-26 15:10:02.578
651,227744,Chile,"1,306",164,"1,280",4,1,22,7,,68,2020-03-26 15:20:01.869
652,227944,Chile,"1,306",164,"1,280",4,1,22,7,,68,2020-03-26 15:40:02.133
653,228143,Chile,"1,306",164,"1,280",4,1,22,7,,68,2020-03-26 15:50:02.416
654,228342,Chile,"1,306",164,"1,280",4,1,22,7,,68,2020-03-26 16:00:01.558
655,228541,Chile,"1,306",164,"1,280",4,1,22,7,,68,2020-03-26 16:10:02.56
656,228740,Chile,"1,306",164,"1,280",4,1,22,7,,68,2020-03-26 16:20:01.94
657,228939,Chile,"1,306",164,"1,280",4,1,22,7,,68,2020-03-26 16:30:02.229
658,229138,Chile,"1,306",164,"1,280",4,1,22,7,,68,2020-03-26 16:40:02.289
659,229337,Chile,"1,306",164,"1,280",4,1,22,7,,68,2020-03-26 16:50:01.895
660,229536,Chile,"1,306",164,"1,280",4,1,22,7,,68,2020-03-26 17:00:02.233
661,229735,Chile,"1,306",164,"1,280",4,1,22,7,,68,2020-03-26 17:10:02.363
662,229934,Chile,"1,306",164,"1,280",4,1,22,7,,68,2020-03-26 17:20:02.413
663,230133,Chile,"1,306",164,"1,280",4,1,22,7,,68,2020-03-26 17:30:02.119
664,230332,Chile,"1,306",164,"1,280",4,1,22,7,,68,2020-03-26 17:40:02.231
665,230531,Chile,"1,306",164,"1,280",4,1,22,7,,68,2020-03-26 17:50:02.538
666,230730,Chile,"1,306",164,"1,280",4,1,22,7,,68,2020-03-26 18:00:02.208
667,230929,Chile,"1,306",164,"1,280",4,1,22,7,,68,2020-03-26 18:10:02.605
668,231128,Chile,"1,306",164,"1,280",4,1,22,7,,68,2020-03-26 18:20:02.406
669,231327,Chile,"1,306",164,"1,280",4,1,22,7,,68,2020-03-26 18:30:02.407
670,231526,Chile,"1,306",164,"1,280",4,1,22,7,,68,2020-03-26 18:40:02.145
671,231725,Chile,"1,306",164,"1,280",4,1,22,7,,68,2020-03-26 18:50:01.621
672,231924,Chile,"1,306",164,"1,280",4,1,22,7,,68,2020-03-26 19:00:01.933
673,232123,Chile,"1,306",164,"1,280",4,1,22,7,,68,2020-03-26 19:10:01.658
674,232322,Chile,"1,306",164,"1,280",4,1,22,7,,68,2020-03-26 19:20:02.227
675,232521,Chile,"1,306",164,"1,280",4,1,22,7,,68,2020-03-26 19:30:02.165
676,232720,Chile,"1,306",164,"1,280",4,1,22,7,,68,2020-03-26 19:40:02.328
677,232919,Chile,"1,306",164,"1,280",4,1,22,7,,68,2020-03-26 19:50:02.189
678,233118,Chile,"1,306",164,"1,280",4,1,22,7,,68,2020-03-26 20:00:02.496
679,233317,Chile,"1,306",164,"1,280",4,1,22,7,,68,2020-03-26 20:10:02.429
680,233516,Chile,"1,306",164,"1,280",4,1,22,7,,68,2020-03-26 20:20:02.151
681,233715,Chile,"1,306",164,"1,280",4,1,22,7,,68,2020-03-26 20:30:02.316
682,233914,Chile,"1,306",164,"1,280",4,1,22,7,,68,2020-03-26 20:40:02.01
683,234113,Chile,"1,306",164,"1,280",4,1,22,7,,68,2020-03-26 20:50:01.615
684,234312,Chile,"1,306",164,"1,280",4,1,22,7,,68,2020-03-26 21:00:02.244
685,234511,Chile,"1,306",164,"1,280",4,1,22,7,,68,2020-03-26 21:10:01.829
686,234710,Chile,"1,306",164,"1,280",4,1,22,7,,68,2020-03-26 21:20:01.617
687,234909,Chile,"1,306",164,"1,280",4,1,22,7,,68,2020-03-26 21:30:02.137
688,235108,Chile,"1,306",164,"1,280",4,1,22,7,,68,2020-03-26 21:40:02.088
689,235307,Chile,"1,306",164,"1,280",4,1,22,7,,68,2020-03-26 21:50:01.92
690,235506,Chile,"1,306",164,"1,280",4,1,22,7,,68,2020-03-26 22:00:02.039
691,235705,Chile,"1,306",164,"1,280",4,1,22,7,,68,2020-03-26 22:10:02.571
692,235904,Chile,"1,306",164,"1,280",4,1,22,7,,68,2020-03-26 22:20:01.582
693,236103,Chile,"1,306",164,"1,280",4,1,22,7,,68,2020-03-26 22:30:01.583
694,236302,Chile,"1,306",164,"1,280",4,1,22,7,,68,2020-03-26 22:40:02.126
695,236501,Chile,"1,306",164,"1,280",4,1,22,7,,68,2020-03-26 22:50:02.512
696,236700,Chile,"1,306",164,"1,280",4,1,22,7,,68,2020-03-26 23:00:01.996
697,236899,Chile,"1,306",164,"1,280",4,1,22,7,,68,2020-03-26 23:10:01.854
698,237099,Chile,"1,306",164,"1,280",4,1,22,7,,68,2020-03-27 00:10:01.942
699,237299,Chile,"1,306",164,"1,280",4,1,22,7,,68,2020-03-27 00:20:01.668
700,237499,Chile,"1,306",164,"1,280",4,1,22,7,,68,2020-03-27 00:30:01.879
701,237699,Chile,"1,306",164,"1,280",4,1,22,7,,68,2020-03-27 00:40:01.687
702,237899,Chile,"1,306",164,"1,280",4,1,22,7,,68,2020-03-27 00:50:02.597
703,238099,Chile,"1,306",164,"1,280",4,1,22,7,,68,2020-03-27 01:00:02.252
704,238299,Chile,"1,306",164,"1,280",4,1,22,7,,68,2020-03-27 01:10:02.263
705,238499,Chile,"1,306",164,"1,280",4,1,22,7,,68,2020-03-27 01:20:01.862
706,238699,Chile,"1,306",164,"1,280",4,1,22,7,,68,2020-03-27 01:30:02.492
707,238899,Chile,"1,306",164,"1,280",4,1,22,7,,68,2020-03-27 01:40:01.921
708,239099,Chile,"1,306",164,"1,280",4,1,22,7,,68,2020-03-27 01:50:02.283
709,239299,Chile,"1,306",164,"1,280",4,1,22,7,,68,2020-03-27 02:00:01.85
710,239499,Chile,"1,306",164,"1,280",4,1,22,7,,68,2020-03-27 02:10:01.9
711,239699,Chile,"1,306",164,"1,280",4,1,22,7,,68,2020-03-27 02:20:02.427
712,239899,Chile,"1,306",164,"1,280",4,1,22,7,,68,2020-03-27 02:30:01.997
713,240099,Chile,"1,306",164,"1,280",4,1,22,7,,68,2020-03-27 02:40:01.74
714,240299,Chile,"1,306",,"1,280",4,,22,7,,68,2020-03-27 02:50:01.824
715,240499,Chile,"1,306",,"1,280",4,,22,7,,68,2020-03-27 03:00:02.139
716,240699,Chile,"1,306",,"1,280",4,,22,7,,68,2020-03-27 03:10:02.121
717,240899,Chile,"1,306",,"1,280",4,,22,7,,68,2020-03-27 03:20:02.472
718,241099,Chile,"1,306",,"1,280",4,,22,7,,68,2020-03-27 03:30:02.251
719,241299,Chile,"1,306",,"1,280",4,,22,7,,68,2020-03-27 03:40:02.459
720,241499,Chile,"1,306",,"1,280",4,,22,7,,68,2020-03-27 03:50:01.785
721,241699,Chile,"1,306",,"1,280",4,,22,7,,68,2020-03-27 04:00:02.063
722,241899,Chile,"1,306",,"1,280",4,,22,7,,68,2020-03-27 04:10:02.426
723,242099,Chile,"1,306",,"1,280",4,,22,7,,68,2020-03-27 04:20:01.675
724,242299,Chile,"1,306",,"1,280",4,,22,7,,68,2020-03-27 04:30:01.57
725,242499,Chile,"1,306",,"1,280",4,,22,7,,68,2020-03-27 04:40:02.104
726,242699,Chile,"1,306",,"1,280",4,,22,7,,68,2020-03-27 04:50:01.762
727,242899,Chile,"1,306",,"1,280",4,,22,7,,68,2020-03-27 05:00:02.258
728,243099,Chile,"1,306",,"1,280",4,,22,7,,68,2020-03-27 05:10:02.189
729,243299,Chile,"1,306",,"1,280",4,,22,7,,68,2020-03-27 05:20:02.086
730,243499,Chile,"1,306",,"1,280",4,,22,7,,68,2020-03-27 05:30:02.037
731,243699,Chile,"1,306",,"1,280",4,,22,7,,68,2020-03-27 05:40:01.792
732,243899,Chile,"1,306",,"1,280",4,,22,7,,68,2020-03-27 05:50:01.966
733,244099,Chile,"1,306",,"1,280",4,,22,7,,68,2020-03-27 06:00:02.282
734,244299,Chile,"1,306",,"1,280",4,,22,7,,68,2020-03-27 06:10:02.21
735,244499,Chile,"1,306",,"1,280",4,,22,7,,68,2020-03-27 06:20:01.773
736,244699,Chile,"1,306",,"1,280",4,,22,7,,68,2020-03-27 06:30:02.332
737,244899,Chile,"1,306",,"1,280",4,,22,7,,68,2020-03-27 06:40:01.662
738,245099,Chile,"1,306",,"1,280",4,,22,7,,68,2020-03-27 06:50:01.614
739,245299,Chile,"1,306",,"1,280",4,,22,7,,68,2020-03-27 07:00:02.29
740,245499,Chile,"1,306",,"1,280",4,,22,7,,68,2020-03-27 07:10:02.168
741,245699,Chile,"1,306",,"1,280",4,,22,7,,68,2020-03-27 07:20:01.627
742,245899,Chile,"1,306",,"1,280",4,,22,7,,68,2020-03-27 07:30:02.167
743,246099,Chile,"1,306",,"1,280",4,,22,7,,68,2020-03-27 07:40:02.493
744,246299,Chile,"1,306",,"1,280",4,,22,7,,68,2020-03-27 07:50:02.402
745,246499,Chile,"1,306",,"1,280",4,,22,7,,68,2020-03-27 08:00:02.127
746,246699,Chile,"1,306",,"1,280",4,,22,7,,68,2020-03-27 08:10:02.552
747,246899,Chile,"1,306",,"1,280",4,,22,7,,68,2020-03-27 08:20:02.542
748,247099,Chile,"1,306",,"1,280",4,,22,7,,68,2020-03-27 08:30:02.7
749,247299,Chile,"1,306",,"1,280",4,,22,7,,68,2020-03-27 08:40:01.879
750,247499,Chile,"1,306",,"1,280",4,,22,7,,68,2020-03-27 08:50:01.745
751,247699,Chile,"1,306",,"1,280",4,,22,7,,68,2020-03-27 09:00:01.909
752,247899,Chile,"1,306",,"1,280",4,,22,7,,68,2020-03-27 09:10:01.93
753,248099,Chile,"1,306",,"1,280",4,,22,7,,68,2020-03-27 09:20:02.362
754,248299,Chile,"1,306",,"1,280",4,,22,7,,68,2020-03-27 09:30:01.96
755,248499,Chile,"1,306",,"1,280",4,,22,7,,68,2020-03-27 09:40:02.548
756,248699,Chile,"1,306",,"1,280",4,,22,7,,68,2020-03-27 09:50:02.163
757,248899,Chile,"1,306",,"1,280",4,,22,7,,68,2020-03-27 10:00:02.344
758,249099,Chile,"1,306",,"1,280",4,,22,7,,68,2020-03-27 10:10:02.186
759,249299,Chile,"1,306",,"1,280",4,,22,7,,68,2020-03-27 10:20:01.897
760,249499,Chile,"1,306",,"1,280",4,,22,7,,68,2020-03-27 10:30:01.963
761,249699,Chile,"1,306",,"1,280",4,,22,7,,68,2020-03-27 10:40:01.822
762,249899,Chile,"1,306",,"1,280",4,,22,7,,68,2020-03-27 10:50:01.968
763,250099,Chile,"1,306",,"1,280",4,,22,7,,68,2020-03-27 11:00:01.604
764,250299,Chile,"1,306",,"1,280",4,,22,7,,68,2020-03-27 11:10:01.661
765,250499,Chile,"1,306",,"1,280",4,,22,7,,68,2020-03-27 11:20:02.565
766,250699,Chile,"1,306",,"1,280",4,,22,7,,68,2020-03-27 11:30:02.234
767,250899,Chile,"1,306",,"1,280",4,,22,7,,68,2020-03-27 11:40:02.201
768,251099,Chile,"1,306",,"1,280",4,,22,7,,68,2020-03-27 11:50:01.768
769,251299,Chile,"1,306",,"1,280",4,,22,7,,68,2020-03-27 12:00:01.803
770,251499,Chile,"1,306",,"1,280",4,,22,7,,68,2020-03-27 12:10:01.926
771,251699,Chile,"1,306",,"1,280",4,,22,7,,68,2020-03-27 12:20:01.948
772,251899,Chile,"1,306",,"1,280",4,,22,7,,68,2020-03-27 12:40:02.146
773,252099,Chile,"1,306",,"1,280",4,,22,7,,68,2020-03-27 12:50:02.451
774,252299,Chile,"1,306",,"1,280",4,,22,7,,68,2020-03-27 13:00:01.995
775,252499,Chile,"1,306",,"1,280",4,,22,7,,68,2020-03-27 13:10:02.291
776,252699,Chile,"1,306",,"1,280",4,,22,7,,68,2020-03-27 13:20:02.568
777,252899,Chile,"1,306",,"1,280",4,,22,7,,68,2020-03-27 13:30:01.836
778,253099,Chile,"1,306",,"1,280",4,,22,7,,68,2020-03-27 13:40:02.569
779,253299,Chile,"1,306",,"1,280",4,,22,7,,68,2020-03-27 13:50:02.19
780,253496,Chile,"1,610",304,"1,583",5,1,22,7,,84,2020-03-27 14:00:02.036
781,253696,Chile,"1,610",304,"1,583",5,1,22,7,,84,2020-03-27 14:10:02.606
782,253896,Chile,"1,610",304,"1,583",5,1,22,7,,84,2020-03-27 14:20:02.366
783,254096,Chile,"1,610",304,"1,583",5,1,22,7,,84,2020-03-27 14:30:02.009
784,254296,Chile,"1,610",304,"1,583",5,1,22,7,,84,2020-03-27 14:40:02.26
785,254496,Chile,"1,610",304,"1,583",5,1,22,7,,84,2020-03-27 14:50:02.584
786,254696,Chile,"1,610",304,"1,583",5,1,22,7,,84,2020-03-27 15:00:01.617
787,254896,Chile,"1,610",304,"1,562",5,1,43,7,,84,2020-03-27 15:10:01.974
788,255096,Chile,"1,610",304,"1,562",5,1,43,7,,84,2020-03-27 15:20:02.132
789,255296,Chile,"1,610",304,"1,562",5,1,43,7,,84,2020-03-27 15:30:02.293
790,255496,Chile,"1,610",304,"1,562",5,1,43,7,,84,2020-03-27 15:40:01.914
791,255696,Chile,"1,610",304,"1,562",5,1,43,7,,84,2020-03-27 15:50:01.909
792,255896,Chile,"1,610",304,"1,562",5,1,43,7,,84,2020-03-27 16:00:02.384
793,256096,Chile,"1,610",304,"1,562",5,1,43,7,,84,2020-03-27 16:10:01.74
794,256296,Chile,"1,610",304,"1,562",5,1,43,7,,84,2020-03-27 16:20:02.243
795,256496,Chile,"1,610",304,"1,562",5,1,43,7,,84,2020-03-27 16:30:02.28
796,256696,Chile,"1,610",304,"1,562",5,1,43,7,,84,2020-03-27 16:40:02.566
797,256896,Chile,"1,610",304,"1,562",5,1,43,7,,84,2020-03-27 16:50:02.209
798,257096,Chile,"1,610",304,"1,562",5,1,43,7,,84,2020-03-27 17:00:01.729
799,257296,Chile,"1,610",304,"1,562",5,1,43,7,,84,2020-03-27 17:10:02.453
800,257496,Chile,"1,610",304,"1,562",5,1,43,7,,84,2020-03-27 17:20:05.79
801,257696,Chile,"1,610",304,"1,562",5,1,43,7,,84,2020-03-27 17:30:01.947
802,257896,Chile,"1,610",304,"1,562",5,1,43,7,,84,2020-03-27 17:40:02.428
803,258096,Chile,"1,610",304,"1,562",5,1,43,7,,84,2020-03-27 17:50:04.271
804,258296,Chile,"1,610",304,"1,562",5,1,43,7,,84,2020-03-27 18:00:17.674
805,258496,Chile,"1,610",304,"1,562",5,1,43,7,,84,2020-03-27 18:10:02.132
806,258696,Chile,"1,610",304,"1,562",5,1,43,7,,84,2020-03-27 18:20:02.271
807,258896,Chile,"1,610",304,"1,562",5,1,43,7,,84,2020-03-27 18:30:02.39
808,259096,Chile,"1,610",304,"1,562",5,1,43,7,,84,2020-03-27 18:40:01.979
809,259296,Chile,"1,610",304,"1,562",5,1,43,7,,84,2020-03-27 18:50:01.749
810,259496,Chile,"1,610",304,"1,562",5,1,43,7,,84,2020-03-27 19:00:01.736
811,259696,Chile,"1,610",304,"1,562",5,1,43,7,,84,2020-03-27 19:20:01.864
812,259896,Chile,"1,610",304,"1,562",5,1,43,7,,84,2020-03-27 19:30:02.258
813,260096,Chile,"1,610",304,"1,562",5,1,43,7,,84,2020-03-27 19:40:02.569
814,260296,Chile,"1,610",304,"1,562",5,1,43,7,,84,2020-03-27 19:50:02.533
815,260496,Chile,"1,610",304,"1,562",5,1,43,7,,84,2020-03-27 20:00:02.415
816,260696,Chile,"1,610",304,"1,562",5,1,43,7,,84,2020-03-27 20:10:02.174
817,260896,Chile,"1,610",304,"1,562",5,1,43,7,,84,2020-03-27 20:20:02.55
818,261096,Chile,"1,610",304,"1,562",5,1,43,7,,84,2020-03-27 20:30:01.956
819,261296,Chile,"1,610",304,"1,562",5,1,43,7,,84,2020-03-27 20:40:01.937
820,261496,Chile,"1,610",304,"1,562",5,1,43,7,,84,2020-03-27 20:50:01.665
821,261696,Chile,"1,610",304,"1,562",5,1,43,7,,84,2020-03-27 21:00:02.234
822,261896,Chile,"1,610",304,"1,562",5,1,43,7,,84,2020-03-27 21:10:02.18
823,262096,Chile,"1,610",304,"1,562",5,1,43,7,,84,2020-03-27 21:20:01.985
824,262296,Chile,"1,610",304,"1,562",5,1,43,7,,84,2020-03-27 21:30:01.715
825,262496,Chile,"1,610",304,"1,562",5,1,43,7,,84,2020-03-27 21:40:02.146
826,262696,Chile,"1,610",304,"1,562",5,1,43,7,,84,2020-03-27 21:50:02.368
827,262896,Chile,"1,610",304,"1,562",5,1,43,7,,84,2020-03-27 22:00:01.814
828,263096,Chile,"1,610",304,"1,562",5,1,43,7,,84,2020-03-27 22:10:02.226
829,263296,Chile,"1,610",304,"1,562",5,1,43,7,,84,2020-03-27 22:20:01.652
830,263496,Chile,"1,610",304,"1,562",5,1,43,7,,84,2020-03-27 22:30:02.059
831,263696,Chile,"1,610",304,"1,562",5,1,43,7,,84,2020-03-27 22:40:02.118
832,263896,Chile,"1,610",304,"1,562",5,1,43,7,,84,2020-03-27 22:50:02.246
833,264096,Chile,"1,610",304,"1,562",5,1,43,7,,84,2020-03-27 23:00:01.99
834,264296,Chile,"1,610",304,"1,562",5,1,43,7,,84,2020-03-27 23:10:01.364
835,264497,Chile,"1,610",304,"1,562",5,1,43,7,,84,2020-03-27 23:20:02.349
836,264699,Chile,"1,610",304,"1,562",5,1,43,7,,84,2020-03-27 23:30:02.029
837,264900,Chile,"1,610",304,"1,562",5,1,43,7,,84,2020-03-27 23:40:01.783
838,265101,Chile,"1,610",304,"1,562",5,1,43,7,,84,2020-03-27 23:50:02.351
839,265302,Chile,"1,610",304,"1,562",5,1,43,7,,84,2020-03-28 00:00:01.827
840,265503,Chile,"1,610",304,"1,562",5,1,43,7,,84,2020-03-28 00:10:02.193
841,265704,Chile,"1,610",304,"1,562",5,1,43,7,,84,2020-03-28 00:20:02.252
842,265905,Chile,"1,610",304,"1,562",5,1,43,7,,84,2020-03-28 00:30:02.264
843,266106,Chile,"1,610",304,"1,562",5,1,43,7,,84,2020-03-28 00:40:01.563
844,266307,Chile,"1,610",304,"1,562",5,1,43,7,,84,2020-03-28 00:50:02.551
845,266508,Chile,"1,610",304,"1,562",5,1,43,7,,84,2020-03-28 01:00:01.902
846,266709,Chile,"1,610",304,"1,562",5,1,43,7,,84,2020-03-28 01:10:01.957
847,266910,Chile,"1,610",304,"1,562",5,1,43,7,,84,2020-03-28 01:20:02.228
848,267111,Chile,"1,610",304,"1,562",5,1,43,7,,84,2020-03-28 01:30:01.301
849,267312,Chile,"1,610",304,"1,562",5,1,43,7,,84,2020-03-28 01:40:02.441
850,267513,Chile,"1,610",,"1,562",5,,43,7,,84,2020-03-28 01:50:02.1
851,267714,Chile,"1,610",,"1,562",5,,43,7,,84,2020-03-28 02:00:01.901
852,267915,Chile,"1,610",,"1,562",5,,43,7,,84,2020-03-28 02:10:01.735
853,268116,Chile,"1,610",,"1,562",5,,43,7,,84,2020-03-28 02:20:01.945
854,268317,Chile,"1,610",,"1,562",5,,43,7,,84,2020-03-28 02:30:01.68
855,268518,Chile,"1,610",,"1,562",5,,43,7,,84,2020-03-28 02:40:02.188
856,268719,Chile,"1,610",,"1,562",5,,43,7,,84,2020-03-28 02:50:02.106
857,268920,Chile,"1,610",,"1,562",5,,43,7,,84,2020-03-28 03:00:01.657
858,269121,Chile,"1,610",,"1,562",5,,43,7,,84,2020-03-28 03:10:01.245
859,269322,Chile,"1,610",,"1,562",5,,43,7,,84,2020-03-28 03:20:02.356
860,269523,Chile,"1,610",,"1,562",5,,43,7,,84,2020-03-28 03:30:01.501
861,269724,Chile,"1,610",,"1,562",5,,43,7,,84,2020-03-28 03:40:01.737
862,269925,Chile,"1,610",,"1,562",5,,43,7,,84,2020-03-28 03:50:02.103
863,270126,Chile,"1,610",,"1,562",5,,43,7,,84,2020-03-28 04:00:01.561
864,270327,Chile,"1,610",,"1,562",5,,43,7,,84,2020-03-28 04:10:02.218
865,270528,Chile,"1,610",,"1,562",5,,43,7,,84,2020-03-28 04:20:02.195
866,270729,Chile,"1,610",,"1,562",5,,43,7,,84,2020-03-28 04:30:02.381
867,270930,Chile,"1,610",,"1,562",5,,43,7,,84,2020-03-28 04:40:01.786
868,271131,Chile,"1,610",,"1,562",5,,43,7,,84,2020-03-28 04:50:02.631
869,271332,Chile,"1,610",,"1,562",5,,43,7,,84,2020-03-28 05:00:01.843
870,271533,Chile,"1,610",,"1,562",5,,43,7,,84,2020-03-28 05:10:02.272
871,271734,Chile,"1,610",,"1,562",5,,43,7,,84,2020-03-28 05:20:02.247
872,271935,Chile,"1,610",,"1,562",5,,43,7,,84,2020-03-28 05:30:01.436
873,272136,Chile,"1,610",,"1,562",5,,43,7,,84,2020-03-28 05:40:02.153
874,272337,Chile,"1,610",,"1,562",5,,43,7,,84,2020-03-28 05:50:02.127
875,272537,Chile,"1,610",,"1,562",5,,43,7,,84,2020-03-28 06:00:02.556
876,272738,Chile,"1,610",,"1,562",5,,43,7,,84,2020-03-28 06:10:01.921
877,272939,Chile,"1,610",,"1,562",5,,43,7,,84,2020-03-28 06:20:01.661
878,273140,Chile,"1,610",,"1,562",5,,43,7,,84,2020-03-28 06:30:01.676
879,273341,Chile,"1,610",,"1,562",5,,43,7,,84,2020-03-28 06:40:02.257
880,273542,Chile,"1,610",,"1,562",5,,43,7,,84,2020-03-28 06:50:01.732
881,273743,Chile,"1,610",,"1,562",5,,43,7,,84,2020-03-28 07:00:02.198
882,273944,Chile,"1,610",,"1,562",5,,43,7,,84,2020-03-28 07:10:01.791
883,274145,Chile,"1,610",,"1,562",5,,43,7,,84,2020-03-28 07:20:02.186
884,274346,Chile,"1,610",,"1,562",5,,43,7,,84,2020-03-28 07:30:02.475
885,274547,Chile,"1,610",,"1,562",5,,43,7,,84,2020-03-28 07:40:01.805
886,274748,Chile,"1,610",,"1,562",5,,43,7,,84,2020-03-28 07:50:02.326
887,274949,Chile,"1,610",,"1,562",5,,43,7,,84,2020-03-28 08:00:02.575
888,275150,Chile,"1,610",,"1,562",5,,43,7,,84,2020-03-28 08:10:02.116
889,275351,Chile,"1,610",,"1,562",5,,43,7,,84,2020-03-28 08:20:01.779
890,275552,Chile,"1,610",,"1,562",5,,43,7,,84,2020-03-28 08:30:01.948
891,275753,Chile,"1,610",,"1,562",5,,43,7,,84,2020-03-28 08:40:02.485
892,275954,Chile,"1,610",,"1,562",5,,43,7,,84,2020-03-28 08:50:02.009
893,276155,Chile,"1,610",,"1,562",5,,43,7,,84,2020-03-28 09:00:02.126
894,276356,Chile,"1,610",,"1,562",5,,43,7,,84,2020-03-28 09:10:02.01
895,276557,Chile,"1,610",,"1,562",5,,43,7,,84,2020-03-28 09:20:02.212
896,276758,Chile,"1,610",,"1,562",5,,43,7,,84,2020-03-28 09:30:01.911
897,276959,Chile,"1,610",,"1,562",5,,43,7,,84,2020-03-28 09:40:02.668
898,277160,Chile,"1,610",,"1,562",5,,43,7,,84,2020-03-28 09:50:02.213
899,277361,Chile,"1,610",,"1,562",5,,43,7,,84,2020-03-28 10:00:02.271
900,277562,Chile,"1,610",,"1,562",5,,43,7,,84,2020-03-28 10:10:02.587
901,277763,Chile,"1,610",,"1,562",5,,43,7,,84,2020-03-28 10:20:02.269
902,277964,Chile,"1,610",,"1,562",5,,43,7,,84,2020-03-28 10:30:02.135
903,278165,Chile,"1,610",,"1,562",5,,43,7,,84,2020-03-28 10:40:02.254
904,278366,Chile,"1,610",,"1,562",5,,43,7,,84,2020-03-28 10:50:02.357
905,278567,Chile,"1,610",,"1,562",5,,43,7,,84,2020-03-28 11:00:02.346
906,278768,Chile,"1,610",,"1,562",5,,43,7,,84,2020-03-28 11:10:01.977
907,278969,Chile,"1,610",,"1,562",5,,43,7,,84,2020-03-28 11:20:02.459
908,279170,Chile,"1,610",,"1,562",5,,43,7,,84,2020-03-28 11:30:02.373
909,279371,Chile,"1,610",,"1,562",5,,43,7,,84,2020-03-28 11:40:02.235
910,279572,Chile,"1,610",,"1,562",5,,43,7,,84,2020-03-28 11:50:02.543
911,279773,Chile,"1,610",,"1,562",5,,43,7,,84,2020-03-28 12:00:02.173
912,279974,Chile,"1,610",,"1,562",5,,43,7,,84,2020-03-28 12:10:02.48
913,280175,Chile,"1,610",,"1,562",5,,43,7,,84,2020-03-28 12:20:02.508
914,280376,Chile,"1,610",,"1,562",5,,43,7,,84,2020-03-28 12:30:02.438
915,280577,Chile,"1,610",,"1,562",5,,43,7,,84,2020-03-28 12:40:02.662
916,280778,Chile,"1,610",,"1,562",5,,43,7,,84,2020-03-28 12:50:02.391
917,280979,Chile,"1,610",,"1,562",5,,43,7,,84,2020-03-28 13:00:02.291
918,281180,Chile,"1,610",,"1,562",5,,43,7,,84,2020-03-28 13:10:01.701
919,281381,Chile,"1,610",,"1,562",5,,43,7,,84,2020-03-28 13:20:02.491
920,281582,Chile,"1,610",,"1,562",5,,43,7,,84,2020-03-28 13:30:01.818
921,281783,Chile,"1,610",,"1,562",5,,43,7,,84,2020-03-28 13:40:02.206
922,281984,Chile,"1,610",,"1,562",5,,43,7,,84,2020-03-28 13:50:01.765
923,282185,Chile,"1,610",,"1,562",5,,43,7,,84,2020-03-28 14:00:01.498
924,282386,Chile,"1,610",,"1,562",5,,43,7,,84,2020-03-28 14:10:02.2
925,282587,Chile,"1,610",,"1,562",5,,43,7,,84,2020-03-28 14:20:01.663
926,282788,Chile,"1,610",,"1,562",5,,43,7,,84,2020-03-28 14:30:01.642
927,282989,Chile,"1,610",,"1,562",5,,43,7,,84,2020-03-28 14:40:01.731
928,283190,Chile,"1,610",,"1,562",5,,43,7,,84,2020-03-28 14:50:02.423
929,283391,Chile,"1,610",,"1,562",5,,43,7,,84,2020-03-28 15:00:02.093
930,283592,Chile,"1,610",,"1,562",5,,43,7,,84,2020-03-28 15:10:01.985
931,283792,Chile,"1,909",299,"1,861",5,,43,7,,100,2020-03-28 15:20:01.646
932,283993,Chile,"1,909",299,"1,861",5,,43,7,,100,2020-03-28 15:30:01.937
933,284194,Chile,"1,909",299,"1,861",5,,43,7,,100,2020-03-28 15:40:01.902
934,284395,Chile,"1,909",299,"1,861",5,,43,7,,100,2020-03-28 15:50:02.462
935,284596,Chile,"1,909",299,"1,861",5,,43,7,,100,2020-03-28 16:00:01.912
936,284797,Chile,"1,909",299,"1,861",5,,43,7,,100,2020-03-28 16:10:02.321
937,284998,Chile,"1,909",299,"1,842",6,1,61,7,,100,2020-03-28 16:20:02.382
938,285199,Chile,"1,909",299,"1,842",6,1,61,7,,100,2020-03-28 16:30:01.998
939,285400,Chile,"1,909",299,"1,842",6,1,61,7,,100,2020-03-28 16:40:02.144
940,285601,Chile,"1,909",299,"1,842",6,1,61,7,,100,2020-03-28 16:50:01.836
941,285802,Chile,"1,909",299,"1,842",6,1,61,7,,100,2020-03-28 17:00:01.654
942,286003,Chile,"1,909",299,"1,842",6,1,61,7,,100,2020-03-28 17:10:02.194
943,286204,Chile,"1,909",299,"1,842",6,1,61,7,,100,2020-03-28 17:20:02.09
944,286405,Chile,"1,909",299,"1,842",6,1,61,7,,100,2020-03-28 17:30:02.153
945,286606,Chile,"1,909",299,"1,842",6,1,61,7,,100,2020-03-28 17:40:02.426
946,286807,Chile,"1,909",299,"1,842",6,1,61,7,,100,2020-03-28 17:50:02.185
947,287008,Chile,"1,909",299,"1,842",6,1,61,7,,100,2020-03-28 18:00:02.464
948,287209,Chile,"1,909",299,"1,842",6,1,61,7,,100,2020-03-28 18:10:01.999
949,287410,Chile,"1,909",299,"1,842",6,1,61,7,,100,2020-03-28 18:20:01.973
950,287611,Chile,"1,909",299,"1,842",6,1,61,7,,100,2020-03-28 18:30:01.506
951,287812,Chile,"1,909",299,"1,842",6,1,61,7,,100,2020-03-28 18:40:01.712
952,288013,Chile,"1,909",299,"1,842",6,1,61,7,,100,2020-03-28 18:50:02.518
953,288214,Chile,"1,909",299,"1,842",6,1,61,7,,100,2020-03-28 19:10:02.207
954,288415,Chile,"1,909",299,"1,842",6,1,61,7,,100,2020-03-28 19:20:01.8
955,288616,Chile,"1,909",299,"1,842",6,1,61,7,,100,2020-03-28 19:30:01.651
956,288817,Chile,"1,909",299,"1,842",6,1,61,7,,100,2020-03-28 19:40:02.444
957,289018,Chile,"1,909",299,"1,842",6,1,61,7,,100,2020-03-28 19:50:02.427
958,289219,Chile,"1,909",299,"1,842",6,1,61,7,,100,2020-03-28 20:00:01.584
959,289420,Chile,"1,909",299,"1,842",6,1,61,7,,100,2020-03-28 20:10:02.349
960,289621,Chile,"1,909",299,"1,842",6,1,61,7,,100,2020-03-28 20:20:01.726
961,289822,Chile,"1,909",299,"1,842",6,1,61,7,,100,2020-03-28 20:30:02.134
962,290023,Chile,"1,909",299,"1,842",6,1,61,7,,100,2020-03-28 20:40:01.593
963,290224,Chile,"1,909",299,"1,842",6,1,61,7,,100,2020-03-28 20:50:02.23
964,290425,Chile,"1,909",299,"1,842",6,1,61,7,,100,2020-03-28 21:00:02.013
965,290626,Chile,"1,909",299,"1,842",6,1,61,7,,100,2020-03-28 21:10:01.56
966,290827,Chile,"1,909",299,"1,842",6,1,61,7,,100,2020-03-28 21:20:02.043
967,291028,Chile,"1,909",299,"1,842",6,1,61,7,,100,2020-03-28 21:30:01.575
968,291229,Chile,"1,909",299,"1,842",6,1,61,7,,100,2020-03-28 21:40:02.007
969,291430,Chile,"1,909",299,"1,842",6,1,61,7,,100,2020-03-28 21:50:02.387
970,291631,Chile,"1,909",299,"1,842",6,1,61,7,,100,2020-03-28 22:00:02.185
971,291832,Chile,"1,909",299,"1,842",6,1,61,7,,100,2020-03-28 22:10:01.986
972,292033,Chile,"1,909",299,"1,842",6,1,61,7,,100,2020-03-28 22:20:02.465
973,292234,Chile,"1,909",299,"1,842",6,1,61,7,,100,2020-03-28 22:30:02.178
974,292435,Chile,"1,909",299,"1,842",6,1,61,7,,100,2020-03-28 22:40:01.906
975,292636,Chile,"1,909",299,"1,842",6,1,61,7,,100,2020-03-28 22:50:01.884
976,292837,Chile,"1,909",299,"1,842",6,1,61,7,,100,2020-03-28 23:00:01.753
977,293038,Chile,"1,909",299,"1,842",6,1,61,7,,100,2020-03-28 23:10:01.979
978,293239,Chile,"1,909",299,"1,842",6,1,61,7,,100,2020-03-28 23:20:02.173
979,293440,Chile,"1,909",299,"1,842",6,1,61,7,,100,2020-03-28 23:30:01.519
980,293641,Chile,"1,909",299,"1,842",6,1,61,7,,100,2020-03-28 23:40:02.083
981,293842,Chile,"1,909",299,"1,842",6,1,61,7,,100,2020-03-28 23:50:01.402
982,294043,Chile,"1,909",299,"1,842",6,1,61,7,,100,2020-03-29 00:00:01.519
983,294244,Chile,"1,909",299,"1,842",6,1,61,7,,100,2020-03-29 00:10:01.758
984,294445,Chile,"1,909",299,"1,842",6,1,61,7,,100,2020-03-29 00:20:01.981
985,294646,Chile,"1,909",299,"1,842",6,1,61,7,,100,2020-03-29 00:30:01.679
986,294847,Chile,"1,909",299,"1,842",6,1,61,7,,100,2020-03-29 00:40:01.494
987,295048,Chile,"1,909",299,"1,842",6,1,61,7,,100,2020-03-29 00:50:02.352
988,295249,Chile,"1,909",299,"1,842",6,1,61,7,,100,2020-03-29 01:00:01.718
989,295450,Chile,"1,909",299,"1,842",6,1,61,7,,100,2020-03-29 01:10:01.367
990,295651,Chile,"1,909",299,"1,842",6,1,61,7,,100,2020-03-29 01:20:01.747
991,295852,Chile,"1,909",,"1,842",6,,61,7,,100,2020-03-29 01:30:02.446
992,296053,Chile,"1,909",,"1,842",6,,61,7,,100,2020-03-29 01:40:02.01
993,296254,Chile,"1,909",,"1,842",6,,61,7,,100,2020-03-29 01:50:01.571
994,296455,Chile,"1,909",,"1,842",6,,61,7,,100,2020-03-29 02:00:01.454
995,296656,Chile,"1,909",,"1,842",6,,61,7,,100,2020-03-29 02:10:02.01
996,296857,Chile,"1,909",,"1,842",6,,61,7,,100,2020-03-29 02:20:01.951
997,297058,Chile,"1,909",,"1,842",6,,61,7,,100,2020-03-29 02:30:02.274
998,297259,Chile,"1,909",,"1,842",6,,61,7,,100,2020-03-29 02:40:02.168
999,297460,Chile,"1,909",,"1,842",6,,61,7,,100,2020-03-29 02:50:02.005
1000,297661,Chile,"1,909",,"1,842",6,,61,7,,100,2020-03-29 03:00:01.783
1001,297862,Chile,"1,909",,"1,842",6,,61,7,,100,2020-03-29 03:10:01.734
1002,298063,Chile,"1,909",,"1,842",6,,61,7,,100,2020-03-29 03:20:02.631
1003,298264,Chile,"1,909",,"1,842",6,,61,7,,100,2020-03-29 03:30:01.758
1004,298465,Chile,"1,909",,"1,842",6,,61,7,,100,2020-03-29 03:40:01.775
1005,298666,Chile,"1,909",,"1,842",6,,61,7,,100,2020-03-29 03:50:01.589
1006,298867,Chile,"1,909",,"1,842",6,,61,7,,100,2020-03-29 04:00:01.805
1007,299068,Chile,"1,909",,"1,842",6,,61,7,,100,2020-03-29 04:10:02.276
1008,299269,Chile,"1,909",,"1,842",6,,61,7,,100,2020-03-29 04:20:02.323
1009,299470,Chile,"1,909",,"1,842",6,,61,7,,100,2020-03-29 04:30:01.827
1010,299671,Chile,"1,909",,"1,842",6,,61,7,,100,2020-03-29 04:40:01.525
1011,299872,Chile,"1,909",,"1,842",6,,61,7,,100,2020-03-29 04:50:01.475
1012,300073,Chile,"1,909",,"1,842",6,,61,7,,100,2020-03-29 05:00:02.079
1013,300274,Chile,"1,909",,"1,842",6,,61,7,,100,2020-03-29 05:10:01.668
1014,300475,Chile,"1,909",,"1,842",6,,61,7,,100,2020-03-29 05:20:02.01
1015,300676,Chile,"1,909",,"1,842",6,,61,7,,100,2020-03-29 05:30:01.638
1016,300877,Chile,"1,909",,"1,842",6,,61,7,,100,2020-03-29 05:40:01.912
1017,301078,Chile,"1,909",,"1,842",6,,61,7,,100,2020-03-29 05:50:01.662
1018,301279,Chile,"1,909",,"1,842",6,,61,7,,100,2020-03-29 06:00:02.345
1019,301480,Chile,"1,909",,"1,842",6,,61,7,,100,2020-03-29 06:10:01.574
1020,301681,Chile,"1,909",,"1,842",6,,61,7,,100,2020-03-29 06:20:01.702
1021,301882,Chile,"1,909",,"1,842",6,,61,7,,100,2020-03-29 06:30:02.409
1022,302083,Chile,"1,909",,"1,842",6,,61,7,,100,2020-03-29 06:40:02.355
1023,302284,Chile,"1,909",,"1,842",6,,61,7,,100,2020-03-29 06:50:01.623
1024,302485,Chile,"1,909",,"1,842",6,,61,7,,100,2020-03-29 07:00:02.26
1025,302686,Chile,"1,909",,"1,842",6,,61,7,,100,2020-03-29 07:10:01.933
1026,302887,Chile,"1,909",,"1,842",6,,61,7,,100,2020-03-29 07:20:02.371
1027,303088,Chile,"1,909",,"1,842",6,,61,7,,100,2020-03-29 07:30:02.412
1028,303289,Chile,"1,909",,"1,842",6,,61,7,,100,2020-03-29 07:40:02.616
1029,303490,Chile,"1,909",,"1,842",6,,61,7,,100,2020-03-29 07:50:01.714
1030,303691,Chile,"1,909",,"1,842",6,,61,7,,100,2020-03-29 08:00:01.937
1031,303892,Chile,"1,909",,"1,842",6,,61,7,,100,2020-03-29 08:10:02.079
1032,304093,Chile,"1,909",,"1,842",6,,61,7,,100,2020-03-29 08:20:02.462
1033,304294,Chile,"1,909",,"1,842",6,,61,7,,100,2020-03-29 08:30:02.208
1034,304495,Chile,"1,909",,"1,842",6,,61,7,,100,2020-03-29 08:40:02.138
1035,304696,Chile,"1,909",,"1,842",6,,61,7,,100,2020-03-29 08:50:01.678
1036,304897,Chile,"1,909",,"1,842",6,,61,7,,100,2020-03-29 09:00:01.408
1037,305098,Chile,"1,909",,"1,842",6,,61,7,,100,2020-03-29 09:10:01.992
1038,305299,Chile,"1,909",,"1,842",6,,61,7,,100,2020-03-29 09:20:01.761
1039,305500,Chile,"1,909",,"1,842",6,,61,7,,100,2020-03-29 09:30:02.629
1040,305701,Chile,"1,909",,"1,842",6,,61,7,,100,2020-03-29 09:40:02.463
1041,305902,Chile,"1,909",,"1,842",6,,61,7,,100,2020-03-29 09:50:02.189
1042,306103,Chile,"1,909",,"1,842",6,,61,7,,100,2020-03-29 10:00:02.504
1043,306304,Chile,"1,909",,"1,842",6,,61,7,,100,2020-03-29 10:10:02.015
1044,306505,Chile,"1,909",,"1,842",6,,61,7,,100,2020-03-29 10:20:01.802
1045,306706,Chile,"1,909",,"1,842",6,,61,7,,100,2020-03-29 10:30:02.124
1046,306907,Chile,"1,909",,"1,842",6,,61,7,,100,2020-03-29 10:40:01.878
1047,307108,Chile,"1,909",,"1,842",6,,61,7,,100,2020-03-29 10:50:01.863
1048,307309,Chile,"1,909",,"1,842",6,,61,7,,100,2020-03-29 11:00:02.128
1049,307510,Chile,"1,909",,"1,842",6,,61,7,,100,2020-03-29 11:10:02.183
1050,307711,Chile,"1,909",,"1,842",6,,61,7,,100,2020-03-29 11:20:02.048
1051,307912,Chile,"1,909",,"1,842",6,,61,7,,100,2020-03-29 11:30:01.67
1052,308113,Chile,"1,909",,"1,842",6,,61,7,,100,2020-03-29 11:40:02.375
1053,308314,Chile,"1,909",,"1,842",6,,61,7,,100,2020-03-29 11:50:01.882
1054,308515,Chile,"1,909",,"1,842",6,,61,7,,100,2020-03-29 12:00:02.275
1055,308716,Chile,"1,909",,"1,842",6,,61,7,,100,2020-03-29 12:10:01.564
1056,308917,Chile,"1,909",,"1,842",6,,61,7,,100,2020-03-29 12:20:02.436
1057,309118,Chile,"1,909",,"1,842",6,,61,7,,100,2020-03-29 12:30:01.91
1058,309319,Chile,"1,909",,"1,842",6,,61,7,,100,2020-03-29 12:40:01.495
1059,309520,Chile,"1,909",,"1,842",6,,61,7,,100,2020-03-29 12:50:02.043
1060,309721,Chile,"1,909",,"1,842",6,,61,7,,100,2020-03-29 13:00:02.251
1061,309922,Chile,"1,909",,"1,842",6,,61,7,,100,2020-03-29 13:10:01.954
1062,310123,Chile,"1,909",,"1,842",6,,61,7,,100,2020-03-29 13:20:01.914
1063,310324,Chile,"1,909",,"1,842",6,,61,7,,100,2020-03-29 13:30:02.131
1064,310525,Chile,"1,909",,"1,842",6,,61,7,,100,2020-03-29 13:40:02.069
1065,310726,Chile,"1,909",,"1,842",6,,61,7,,100,2020-03-29 13:50:02.46
1066,310927,Chile,"1,909",,"1,842",6,,61,7,,100,2020-03-29 14:00:02.74
1067,311128,Chile,"1,909",,"1,842",6,,61,7,,100,2020-03-29 14:10:01.649
1068,311329,Chile,"1,909",,"1,842",6,,61,7,,100,2020-03-29 14:20:02.359
1069,311530,Chile,"1,909",,"1,842",6,,61,7,,100,2020-03-29 14:30:02.254
1070,311731,Chile,"1,909",,"1,842",6,,61,7,,100,2020-03-29 14:40:01.246
1071,311932,Chile,"1,909",,"1,842",6,,61,7,,100,2020-03-29 14:50:01.31
1072,312133,Chile,"1,909",,"1,842",6,,61,7,,100,2020-03-29 15:00:02.219
1073,312334,Chile,"1,909",,"1,842",6,,61,7,,100,2020-03-29 15:10:02.206
1074,312535,Chile,"2,139",230,"2,072",6,,61,7,,112,2020-03-29 15:20:01.963
1075,312736,Chile,"2,139",230,"2,072",6,,61,7,,112,2020-03-29 15:30:01.835
1076,312937,Chile,"2,139",230,"2,072",6,,61,7,,112,2020-03-29 15:40:02.486
1077,313138,Chile,"2,139",230,"2,072",6,,61,7,,112,2020-03-29 15:50:02.214
1078,313339,Chile,"2,139",230,"2,057",7,1,75,7,,112,2020-03-29 16:20:01.942
1079,313540,Chile,"2,139",230,"2,057",7,1,75,7,,112,2020-03-29 16:30:02.364
1080,313741,Chile,"2,139",230,"2,057",7,1,75,7,,112,2020-03-29 16:40:01.553
1081,313942,Chile,"2,139",230,"2,057",7,1,75,7,,112,2020-03-29 16:50:01.669
1082,314143,Chile,"2,139",230,"2,057",7,1,75,7,,112,2020-03-29 17:00:02.388
1083,314344,Chile,"2,139",230,"2,057",7,1,75,7,,112,2020-03-29 17:10:02.324
1084,314545,Chile,"2,139",230,"2,057",7,1,75,7,,112,2020-03-29 17:20:02.013
1085,314746,Chile,"2,139",230,"2,057",7,1,75,7,,112,2020-03-29 17:30:01.782
1086,314947,Chile,"2,139",230,"2,057",7,1,75,7,,112,2020-03-29 17:40:01.762
1087,315148,Chile,"2,139",230,"2,057",7,1,75,7,,112,2020-03-29 17:50:01.759
1088,315349,Chile,"2,139",230,"2,057",7,1,75,7,,112,2020-03-29 18:00:02.363
1089,315550,Chile,"2,139",230,"2,057",7,1,75,7,,112,2020-03-29 18:10:02.334
1090,315751,Chile,"2,139",230,"2,057",7,1,75,7,,112,2020-03-29 18:20:02.283
1091,315952,Chile,"2,139",230,"2,057",7,1,75,7,,112,2020-03-29 18:40:02.087
1092,316153,Chile,"2,139",230,"2,057",7,1,75,7,,112,2020-03-29 18:50:01.594
1093,316354,Chile,"2,139",230,"2,057",7,1,75,7,,112,2020-03-29 19:00:02.274
1094,316555,Chile,"2,139",230,"2,057",7,1,75,7,,112,2020-03-29 19:10:02.139
1095,316756,Chile,"2,139",230,"2,057",7,1,75,7,,112,2020-03-29 19:20:02.134
1096,316957,Chile,"2,139",230,"2,057",7,1,75,7,,112,2020-03-29 19:30:02.611
1097,317158,Chile,"2,139",230,"2,057",7,1,75,7,,112,2020-03-29 19:40:01.753
1098,317359,Chile,"2,139",230,"2,057",7,1,75,7,,112,2020-03-29 19:50:01.908
1099,317560,Chile,"2,139",230,"2,057",7,1,75,7,,112,2020-03-29 20:00:01.985
1100,317761,Chile,"2,139",230,"2,057",7,1,75,7,,112,2020-03-29 20:10:01.709
1101,317962,Chile,"2,139",230,"2,057",7,1,75,7,,112,2020-03-29 20:20:01.62
1102,318163,Chile,"2,139",230,"2,057",7,1,75,7,,112,2020-03-29 20:30:02.082
1103,318364,Chile,"2,139",230,"2,057",7,1,75,7,,112,2020-03-29 20:40:02.399
1104,318565,Chile,"2,139",230,"2,057",7,1,75,7,,112,2020-03-29 20:50:01.609
1105,318766,Chile,"2,139",230,"2,057",7,1,75,7,,112,2020-03-29 21:00:01.237
1106,318967,Chile,"2,139",230,"2,057",7,1,75,7,,112,2020-03-29 21:10:01.617
1107,319168,Chile,"2,139",230,"2,057",7,1,75,7,,112,2020-03-29 21:20:01.775
1108,319369,Chile,"2,139",230,"2,057",7,1,75,7,,112,2020-03-29 21:30:02.337
1109,319570,Chile,"2,139",230,"2,057",7,1,75,7,,112,2020-03-29 21:40:01.234
1110,319771,Chile,"2,139",230,"2,057",7,1,75,7,,112,2020-03-29 21:50:01.314
1111,319972,Chile,"2,139",230,"2,057",7,1,75,7,,112,2020-03-29 22:00:01.823
1112,320173,Chile,"2,139",230,"2,057",7,1,75,7,,112,2020-03-29 22:10:01.686
1113,320374,Chile,"2,139",230,"2,057",7,1,75,7,,112,2020-03-29 22:20:01.586
1114,320575,Chile,"2,139",230,"2,057",7,1,75,7,,112,2020-03-29 22:30:02.065
1115,320776,Chile,"2,139",230,"2,057",7,1,75,7,,112,2020-03-29 22:40:02.18
1116,320977,Chile,"2,139",230,"2,057",7,1,75,7,,112,2020-03-29 22:50:02.386
1117,321178,Chile,"2,139",230,"2,057",7,1,75,7,,112,2020-03-29 23:00:01.629
1118,321379,Chile,"2,139",230,"2,057",7,1,75,7,,112,2020-03-29 23:10:02.245
1119,321580,Chile,"2,139",230,"2,057",7,1,75,7,,112,2020-03-29 23:20:01.812
1120,321781,Chile,"2,139",230,"2,057",7,1,75,7,,112,2020-03-29 23:30:02.501
1121,321982,Chile,"2,139",230,"2,057",7,1,75,7,,112,2020-03-29 23:40:02.078
1122,322183,Chile,"2,139",230,"2,057",7,1,75,7,,112,2020-03-29 23:50:02.345
